market_code,forecast_item,date,baseline,item_usage_rule,buckets,intermit,adj_mean,adj_dev,acov,is_forecastable,is_seasonal
BR,BR: 120878,2023-10-01,2. Statistical,Use,67,0.0,130922.0,67125.0,0.5127098577779136,True,True
BR,BR: 244250,2023-10-01,2. Statistical,Use,67,0.0,405993.0,204608.0,0.5039692802585266,True,True
BR,BR: 252762,2023-10-01,1. Manual,Ignore,67,0.75,3964.0,12388.0,3.1251261352169526,False,True
BR,BR: 252763,2023-10-01,1. Manual,Ignore,67,0.8333333333333334,2128.0,7058.0,3.316729323308271,False,True
BR,BR: 259897,2023-10-01,1. Manual,Ignore,67,0.75,1450.0,4556.0,3.1420689655172414,False,False
BR,BR: 260487,2023-10-01,1. Manual,Ignore,67,0.5,62562.0,122885.0,1.9642115021898277,False,False
BR,BR: 307443,2023-10-01,2. Statistical,Use,67,0.0,24393.0,11996.0,0.49178042881154427,True,True
BR,BR: 307444,2023-10-01,2. Statistical,Use,67,0.0,14074.0,6880.0,0.4888446781298849,True,False
BR,BR: 314388,2023-10-01,2. Statistical,Use,67,0.0,248268.0,197596.0,0.7958979812138496,False,True
BR,BR: 332728,2023-10-01,1. Manual,Ignore,67,0.8333333333333334,12787.0,28597.0,2.23641198091812,False,False
BR,BR: 333533,2023-10-01,2. Statistical,Use,67,0.0,118940.0,52403.0,0.4405834874726753,True,False
BR,BR: 333534,2023-10-01,2. Statistical,Use,67,0.0,2055.0,980.0,0.4768856447688564,True,False
BR,BR: 367118,2023-10-01,1. Manual,Ignore,67,0.75,30050.0,58264.0,1.938901830282862,False,True
BR,BR: 416426,2023-10-01,1. Manual,Ignore,67,0.8333333333333334,6534.0,14611.0,2.236149372513009,False,False
BR,BR: 416427,2023-10-01,1. Manual,Ignore,67,0.9166666666666666,3263.0,10822.0,3.316579834508121,False,False
BR,BR: 416428,2023-10-01,1. Manual,Ignore,67,0.9166666666666666,3269.0,10842.0,3.316610584276537,False,False
BR,BR: 478711,2023-10-01,1. Manual,Ignore,67,0.5,8810.0,12265.0,1.3921679909194098,False,False
BR,BR: 478712,2023-10-01,2. Statistical,Use,67,0.5,3308.0,4267.0,1.2899032648125757,False,False
BR,BR: 519436,2023-10-01,2. Statistical,Use,67,0.33333333333333337,16651.0,16394.0,0.9845654915620683,False,True
BR,BR: 545318,2023-10-01,2. Statistical,Use,65,0.08333333333333337,142806.0,96969.0,0.6790260913407,True,False
BR,BR: 549502,2023-10-01,2. Statistical,Use,67,0.0,10932.0,5608.0,0.5129893889498719,True,True
BR,BR: 560176,2023-10-01,2. Statistical,Use,67,0.0,28432.0,13092.0,0.4604670793472144,True,True
BR,BR: 560180,2023-10-01,2. Statistical,Use,67,0.0,59338.0,23915.0,0.4030300987562776,True,True
BR,BR: 560189,2023-10-01,2. Statistical,Use,67,0.0,89040.0,37642.0,0.4227538185085355,True,True
BR,BR: 560191,2023-10-01,2. Statistical,Use,67,0.16666666666666663,4721.0,5012.0,1.0616394831603473,False,False
BR,BR: 560197,2023-10-01,2. Statistical,Use,67,0.0,24356.0,12401.0,0.5091558548201676,True,False
BR,BR: 560203,2023-10-01,2. Statistical,Use,67,0.0,40650.0,14421.0,0.354760147601476,True,True
BR,BR: 566592,2023-10-01,1. Manual,Ignore,67,0.9166666666666666,0.0,0.0,,False,False
BR,BR: 57708,2023-10-01,2. Statistical,Use,67,0.0,48344.0,25741.0,0.5324549065033923,True,True
BR,BR: 597997,2023-10-01,1. Manual,Ignore,67,0.8333333333333334,28322.0,63479.0,2.2413318268483864,False,False
BR,BR: 601307,2023-10-01,2. Statistical,Use,67,0.0,224768.0,109287.0,0.48622134823462415,True,True
BR,BR: 61488,2023-10-01,2. Statistical,Use,67,0.0,102808.0,84699.0,0.8238561201462922,False,True
BR,BR: 61490,2023-10-01,2. Statistical,Use,67,0.0,645.0,430.0,0.6666666666666666,True,True
BR,BR: 619108,2023-10-01,2. Statistical,Use,67,0.0,1024843.0,508390.0,0.49606622672936246,True,True
BR,BR: 637520,2023-10-01,1. Manual,Ignore,67,0.9166666666666666,0.0,0.0,,False,True
BR,BR: 641426,2023-10-01,1. Manual,Ignore,66,0.25,3408.0,3665.0,1.0754107981220657,False,False
BR,BR: 659494,2023-10-01,1. Manual,Ignore,67,0.8333333333333334,165.0,547.0,3.315151515151515,False,False
BR,BR: 659496,2023-10-01,1. Manual,Ignore,66,0.9166666666666666,0.0,0.0,,False,False
BR,BR: 659858,2023-10-01,2. Statistical,Use,67,0.0,56594.0,29469.0,0.520708909071633,True,True
BR,BR: 659859,2023-10-01,2. Statistical,Use,67,0.08333333333333337,81772.0,74798.0,0.9147140830602162,False,True
BR,BR: 659862,2023-10-01,2. Statistical,Use,67,0.0,89460.0,49576.0,0.5541694612117147,True,True
BR,BR: 668455,2023-10-01,2. Statistical,Use,66,0.0,37359.0,21581.0,0.5776653550683905,True,True
BR,BR: 668456,2023-10-01,2. Statistical,Use,67,0.0,4370.0,2335.0,0.534324942791762,True,True
BR,BR: 668458,2023-10-01,2. Statistical,Use,67,0.0,567802.0,272317.0,0.4795985220199999,True,False
BR,BR: 668459,2023-10-01,2. Statistical,Use,66,0.0,7224.0,5232.0,0.7242524916943521,False,False
BR,BR: 674293,2023-10-01,2. Statistical,Use,67,0.25,680.0,805.0,1.1838235294117647,False,True
BR,BR: 688143,2023-10-01,2. Statistical,Use,75,0.08333333333333337,20496.0,12264.0,0.5983606557377049,True,False
BR,BR: 688147,2023-10-01,2. Statistical,Use,64,0.0,2873.0,2447.0,0.8517229376957883,False,False
BR,BR: 688148,2023-10-01,2. Statistical,Use,77,0.0,57874.0,29752.0,0.514082316757093,True,False
BR,BR: 688150,2023-10-01,2. Statistical,Use,67,0.16666666666666663,5535.0,4606.0,0.8321589882565492,False,True
BR,BR: 713546,2023-10-01,2. Statistical,Use,62,0.0,273063.0,139016.0,0.5090986329162135,True,False
BR,BR: 715537,2023-10-01,2. Statistical,Use,65,0.0,232693.0,102198.0,0.43919670982797077,True,True
BR,BR: 715738,2023-10-01,2. Statistical,Use,66,0.33333333333333337,7730.0,9460.0,1.2238033635187582,False,True
BR,BR: 715772,2023-10-01,2. Statistical,Use,64,0.16666666666666663,39810.0,39280.0,0.9866867621200703,False,False
BR,BR: 734610,2023-10-01,1. Manual,Ignore,54,0.5,18324.0,27800.0,1.5171359965073128,False,True
BR,BR: 737052,2023-10-01,1. Manual,Ignore,37,0.9166666666666666,0.0,0.0,,False,False
BR,BR: 751238,2023-10-01,1. Manual,Ignore,50,0.9166666666666666,0.0,0.0,,False,False
BR,BR: 751240,2023-10-01,1. Manual,Ignore,50,0.9166666666666666,0.0,0.0,,False,True
BR,BR: 755537,2023-10-01,2. Statistical,Use,48,0.16666666666666663,44432.0,37768.0,0.8500180050414116,False,True
BR,BR: 755539,2023-10-01,2. Statistical,Use,41,0.16666666666666663,18963.0,15792.0,0.832779623477298,False,False
BR,BR: 755540,2023-10-01,2. Statistical,Use,43,0.08333333333333337,18918.0,16517.0,0.8730838355005814,False,False
BR,BR: 755542,2023-10-01,2. Statistical,Use,43,0.0,16022.0,12170.0,0.7595805767070278,False,False
BR,BR: 756259,2023-10-01,1. Manual,Ignore,46,0.75,2098.0,6865.0,3.2721639656816017,False,True
BR,BR: 758639,2023-10-01,2. Statistical,Use,47,0.0,22460.0,17413.0,0.7752894033837934,False,True
BR,BR: 759034,2023-10-01,2. Statistical,Use,48,0.0,5321.0,1910.0,0.35895508363089645,True,False
BR,BR: 759037,2023-10-01,2. Statistical,Use,48,0.0,13400.0,6723.0,0.5017164179104477,True,False
BR,BR: 759565,2023-10-01,2. Statistical,Use,48,0.0,115660.0,66669.0,0.5764222721770708,True,True
BR,BR: 763747,2023-10-01,2. Statistical,Use,77,0.08333333333333337,2909.0,2089.0,0.7181161911309728,False,True
BR,BR: 778025,2023-10-01,2. Statistical,Use,39,0.0,81595.0,56238.0,0.6892334089098596,True,False
BR,BR: 779523,2023-10-01,2. Statistical,Use,35,0.0,31591.0,13315.0,0.42148080149409645,True,False
BR,BR: 780083,2023-10-01,2. Statistical,Use,67,0.0,113602.0,59355.0,0.5224819985563635,True,True
BR,BR: 780084,2023-10-01,2. Statistical,Use,67,0.0,79500.0,44580.0,0.5607547169811321,True,True
BR,BR: 786816,2023-10-01,1. Manual,Ignore,20,0.5,743.0,1232.0,1.65814266487214,False,False
BR,BR: 786817,2023-10-01,1. Manual,Ignore,21,0.5,729.0,1082.0,1.4842249657064472,False,False
BR,BR: 786944,2023-10-01,1. Manual,Ignore,21,0.5,1000.0,1440.0,1.44,False,False
BR,BR: 788636,2023-10-01,1. Manual,Ignore,14,0.0,33754.0,35495.0,1.0515790721099723,False,False
BR,BR: 791828,2023-10-01,1. Manual,Ignore,50,0.0,1326.0,1233.0,0.9298642533936652,False,True
BR,BR: 791829,2023-10-01,1. Manual,Ignore,50,0.08333333333333337,2724.0,2078.0,0.762848751835536,False,False
BR,BR: 791831,2023-10-01,1. Manual,Ignore,61,0.08333333333333337,2862.0,2007.0,0.7012578616352201,False,True
BR,BR: 791832,2023-10-01,1. Manual,Ignore,66,0.0,7510.0,4375.0,0.5825565912117177,True,False
BR,BR: 801040,2023-10-01,1. Manual,Ignore,15,0.0,13540.0,6925.0,0.5114475627769571,True,False
BR,BR: 823556,2023-10-01,2. Statistical,Use,77,0.0,60888.0,28198.0,0.4631126001839443,True,True
BR,BR: 823559,2023-10-01,2. Statistical,Use,67,0.0,34741.0,16581.0,0.47727468984773036,True,True
BR,BR: 829531,2023-10-01,1. Manual,Ignore,21,0.5,2541.0,3700.0,1.4561196379378198,False,False
BR,BR: 834432,2023-10-01,1. Manual,Ignore,21,0.5,1523.0,2414.0,1.5850295469468154,False,False
BR,BR: 838328,2023-10-01,1. Manual,Ignore,5,0.5833333333333333,55307.0,46940.0,0.8487171605764189,False,False
BR,BR: 838333,2023-10-01,1. Manual,Ignore,5,0.5833333333333333,150312.0,114724.0,0.7632391292777689,False,False
BR,BR: 838334,2023-10-01,1. Manual,Ignore,5,0.5833333333333333,79176.0,162546.0,2.0529705971506518,False,False
BR,BR: 838376,2023-10-01,1. Manual,Ignore,19,0.0,161491.0,74441.0,0.4609606727309881,True,False
BR,BR: 838641,2023-10-01,2. Statistical,Use,77,0.33333333333333337,11615.0,14004.0,1.2056823073611709,False,False
BR,BR: 840604,2023-10-01,1. Manual,Ignore,5,0.5833333333333333,16890.0,24966.0,1.478152753108348,False,False
BR,BR: 860346,2023-10-01,1. Manual,Ignore,12,0.0,15028.0,6350.0,0.4225445834442374,True,False
BR,BR: 860355,2023-10-01,1. Manual,Ignore,12,0.0,50254.0,28000.0,0.5571695785410117,True,False
BR,BR: 860356,2023-10-01,1. Manual,Ignore,11,0.08333333333333337,3065.0,5039.0,1.6440456769983687,False,False
BR,BR: 866384,2023-10-01,1. Manual,Ignore,67,0.08333333333333337,178474.0,86155.0,0.4827313782399677,True,True
BR,BR: 866780,2023-10-01,1. Manual,Ignore,67,0.0,305620.0,230201.0,0.7532262286499575,False,False
BR,BR: 866782,2023-10-01,1. Manual,Ignore,52,0.16666666666666663,65414.0,49683.0,0.7595163114929526,False,False
BR,BR: 867303,2023-10-01,1. Manual,Ignore,67,0.33333333333333337,9824.0,12444.0,1.2666938110749186,False,True
BR,BR: 867518,2023-10-01,1. Manual,Ignore,52,0.08333333333333337,27993.0,25589.0,0.9141213874897296,False,False
BR,BR: 867539,2023-10-01,1. Manual,Ignore,67,0.08333333333333337,112708.0,83801.0,0.7435230862050609,False,False
BR,BR: 867542,2023-10-01,1. Manual,Use,67,0.25,311838.0,261117.0,0.8373482385084563,False,False
BR,BR: 869109,2023-10-01,1. Manual,Ignore,67,0.16666666666666663,32063.0,34627.0,1.0799675638586532,False,False
BR,BR: 869110,2023-10-01,1. Manual,Ignore,67,0.16666666666666663,39207.0,45984.0,1.1728517866707475,False,False
BR,BR: 879435,2023-10-01,1. Manual,Ignore,67,0.0,58796.0,34284.0,0.5831008912170896,True,True
BR,BR: 879438,2023-10-01,1. Manual,Ignore,67,0.0,33782.0,19374.0,0.5735006808359482,True,True
BR,BR: 879440,2023-10-01,1. Manual,Ignore,67,0.0,116494.0,58098.0,0.4987209641698285,True,True
BR,BR: 880702,2023-10-01,1. Manual,Ignore,65,0.0,172688.0,98224.0,0.5687945890855184,True,True
BR,BR: 881850,2023-10-01,1. Manual,Ignore,2,0.8333333333333334,114031.0,70747.0,0.6204190088660101,False,False
BR,BR: 885658,2023-10-01,1. Manual,Use,60,0.0,318994.0,133298.0,0.41786992858799854,True,False
BR,BR: 891173,2023-10-01,1. Manual,Ignore,67,0.0,12469.0,6447.0,0.5170422648167455,True,True
BR,BR: 891174,2023-10-01,1. Manual,Ignore,28,0.41666666666666663,3282.0,3752.0,1.1432053625837904,False,True
BR,BR: 891175,2023-10-01,1. Manual,Ignore,49,0.0,431.0,349.0,0.8097447795823666,False,True
BR,BR: 891176,2023-10-01,1. Manual,Use,49,0.25,550.0,733.0,1.3327272727272728,False,False
BR,BR: 9027,2023-10-01,2. Statistical,Use,67,0.0,15979.0,11319.0,0.7083672319919895,False,False
CN,CN: 149520,2023-10-01,2. Statistical,Use,99,0.0,1728540.0,258320.0,0.14944403947840373,True,True
CN,CN: 368597,2023-10-01,1. Manual,Ignore,99,0.41666666666666663,352014.0,254441.0,0.7228150016760697,False,True
CN,CN: 416600,2023-10-01,1. Manual,Ignore,26,0.9166666666666666,2016.0,6686.0,3.316468253968254,False,False
CN,CN: 524997,2023-10-01,1. Manual,Ignore,27,0.08333333333333337,14582.0,8813.0,0.6043752571663695,True,False
CN,CN: 525022,2023-10-01,1. Manual,Ignore,27,0.9166666666666666,15.0,51.0,3.4,False,False
CN,CN: 525915,2023-10-01,1. Manual,Ignore,25,0.33333333333333337,1232.0,1953.0,1.5852272727272727,False,False
CN,CN: 525920,2023-10-01,1. Manual,Ignore,27,0.0,16152.0,10787.0,0.66784299157999,True,False
CN,CN: 525921,2023-10-01,1. Manual,Ignore,25,0.5833333333333333,392.0,647.0,1.6505102040816326,False,False
CN,CN: 526151,2023-10-01,1. Manual,Ignore,27,0.9166666666666666,6.0,20.0,3.3333333333333335,False,False
CN,CN: 526152,2023-10-01,1. Manual,Ignore,27,0.08333333333333337,5892.0,4486.0,0.7613713509843856,False,False
CN,CN: 526153,2023-10-01,1. Manual,Ignore,27,0.6666666666666667,138.0,221.0,1.6014492753623188,False,False
CN,CN: 526176,2023-10-01,1. Manual,Ignore,26,0.5,72.0,93.0,1.2916666666666667,False,False
CN,CN: 526208,2023-10-01,1. Manual,Ignore,27,0.5833333333333333,218.0,407.0,1.8669724770642202,False,False
CN,CN: 526211,2023-10-01,1. Manual,Ignore,27,0.33333333333333337,1175.0,2592.0,2.205957446808511,False,False
CN,CN: 526212,2023-10-01,2. Statistical,Use,27,0.0,109947.0,70132.0,0.6378709741966584,True,False
CN,CN: 526347,2023-10-01,1. Manual,Ignore,27,0.41666666666666663,542.0,728.0,1.3431734317343174,False,False
CN,CN: 586242,2023-10-01,1. Manual,Ignore,25,0.16666666666666663,3689.0,3392.0,0.9194903767958796,False,False
CN,CN: 613725,2023-10-01,1. Manual,Ignore,27,0.6666666666666667,57.0,92.0,1.6140350877192982,False,False
CN,CN: 613726,2023-10-01,1. Manual,Ignore,27,0.41666666666666663,189.0,220.0,1.164021164021164,False,False
CN,CN: 614994,2023-10-01,1. Manual,Ignore,26,0.25,1108.0,1592.0,1.4368231046931408,False,False
CN,CN: 614996,2023-10-01,1. Manual,Ignore,27,0.9166666666666666,40.0,133.0,3.325,False,False
CN,CN: 614997,2023-10-01,1. Manual,Ignore,26,0.75,44.0,82.0,1.8636363636363635,False,False
CN,CN: 631123,2023-10-01,1. Manual,Ignore,27,0.75,128.0,243.0,1.8984375,False,False
CN,CN: 631125,2023-10-01,1. Manual,Ignore,25,0.33333333333333337,222.0,201.0,0.9054054054054054,False,False
CN,CN: 643297,2023-10-01,1. Manual,Use,27,0.16666666666666663,29833.0,24346.0,0.8160761572755003,False,False
CN,CN: 652091,2023-10-01,1. Manual,Ignore,24,0.9166666666666666,10.0,33.0,3.3,False,False
CN,CN: 688295,2023-10-01,1. Manual,Ignore,21,0.9166666666666666,14.0,48.0,3.4285714285714284,False,False
CN,CN: 693688,2023-10-01,1. Manual,Ignore,26,0.75,25.0,46.0,1.84,False,False
CN,CN: 735037,2023-10-01,1. Manual,Ignore,53,0.41666666666666663,32587.0,33843.0,1.038542977260871,False,False
CN,CN: 746114,2023-10-01,1. Manual,Ignore,27,0.5,74.0,93.0,1.2567567567567568,False,False
CN,CN: 758418,2023-10-01,1. Manual,Ignore,25,0.08333333333333337,594.0,454.0,0.7643097643097643,False,False
CN,CN: 762290,2023-10-01,1. Manual,Ignore,41,0.0,175362.0,104830.0,0.5977919959854473,True,False
CN,CN: 763526,2023-10-01,1. Manual,Ignore,27,0.08333333333333337,12282.0,14412.0,1.1734245236932095,False,False
CN,CN: 763589,2023-10-01,1. Manual,Ignore,27,0.0,120968.0,86807.0,0.7176030024469281,False,False
CN,CN: 763590,2023-10-01,1. Manual,Ignore,27,0.08333333333333337,220822.0,133706.0,0.605492206392479,True,True
CN,CN: 763776,2023-10-01,1. Manual,Ignore,27,0.25,1864.0,2361.0,1.2666309012875536,False,False
CN,CN: 776357,2023-10-01,1. Manual,Ignore,27,0.41666666666666663,7288.0,11474.0,1.5743688254665202,False,False
CN,CN: 776358,2023-10-01,1. Manual,Ignore,27,0.16666666666666663,104675.0,94922.0,0.9068258896584667,False,False
CN,CN: 776359,2023-10-01,1. Manual,Ignore,27,0.08333333333333337,19580.0,21882.0,1.1175689479060265,False,False
CN,CN: 776569,2023-10-01,1. Manual,Ignore,27,0.33333333333333337,69478.0,74788.0,1.0764270704395635,False,False
CN,CN: 783799,2023-10-01,1. Manual,Ignore,27,0.8333333333333334,48.0,133.0,2.7708333333333335,False,False
CN,CN: 783875,2023-10-01,1. Manual,Ignore,27,0.8333333333333334,12.0,29.0,2.4166666666666665,False,False
CN,CN: 783876,2023-10-01,1. Manual,Ignore,27,0.9166666666666666,4.0,13.0,3.25,False,False
CN,CN: 793518,2023-10-01,1. Manual,Ignore,27,0.6666666666666667,4000.0,8884.0,2.221,False,False
CN,CN: 796725,2023-10-01,1. Manual,Ignore,27,0.33333333333333337,26650.0,39869.0,1.4960225140712946,False,True
CN,CN: 796726,2023-10-01,1. Manual,Ignore,27,0.33333333333333337,14110.0,15559.0,1.1026931254429482,False,False
CN,CN: 817550,2023-10-01,1. Manual,Ignore,21,0.0,4926.0,4918.0,0.998375964271214,False,False
CN,CN: 821569,2023-10-01,1. Manual,Ignore,8,0.33333333333333337,1388.0,1166.0,0.840057636887608,False,False
CN,CN: 821570,2023-10-01,1. Manual,Ignore,6,0.5833333333333333,439.0,265.0,0.6036446469248291,False,False
CN,CN: 825487,2023-10-01,1. Manual,Ignore,23,0.9166666666666666,0.0,0.0,,False,False
CN,CN: 828680,2023-10-01,1. Manual,Ignore,17,0.25,5499.0,7818.0,1.4217130387343153,False,False
CN,CN: 830023,2023-10-01,1. Manual,Ignore,6,0.6666666666666667,6163.0,8314.0,1.3490183352263507,False,False
CN,CN: 842021,2023-10-01,1. Manual,Ignore,6,0.5,148484.0,148747.0,1.0017712346111365,False,False
CN,CN: 842022,2023-10-01,1. Manual,Ignore,6,0.5,27781.0,27671.0,0.9960404593067205,False,False
CN,CN: 842081,2023-10-01,1. Manual,Ignore,6,0.5,60278.0,46029.0,0.7636119313845847,False,False
CN,CN: 842082,2023-10-01,1. Manual,Ignore,6,0.5833333333333333,57302.0,63970.0,1.116365920910265,False,False
CN,CN: 842086,2023-10-01,1. Manual,Ignore,6,0.5833333333333333,4670.0,6133.0,1.3132762312633832,False,False
CN,CN: 842087,2023-10-01,1. Manual,Ignore,6,0.75,12977.0,27526.0,2.1211373969330354,False,False
CN,CN: 843756,2023-10-01,1. Manual,Ignore,15,0.33333333333333337,2106.0,2942.0,1.3969610636277303,False,False
CN,CN: 843757,2023-10-01,1. Manual,Ignore,15,0.16666666666666663,3168.0,2710.0,0.8554292929292929,False,False
CN,CN: 847574,2023-10-01,1. Manual,Ignore,15,0.41666666666666663,2604.0,6130.0,2.3540706605222734,False,False
CN,CN: 847689,2023-10-01,1. Manual,Ignore,16,0.5833333333333333,2541.0,6718.0,2.6438410074773713,False,False
CN,CN: 847776,2023-10-01,1. Manual,Ignore,14,0.25,1388.0,3034.0,2.185878962536023,False,False
CN,CN: 848686,2023-10-01,1. Manual,Ignore,14,0.5833333333333333,828.0,1161.0,1.4021739130434783,False,False
CN,CN: 849144,2023-10-01,1. Manual,Ignore,4,0.75,696.0,853.0,1.2255747126436782,False,False
CN,CN: 849329,2023-10-01,1. Manual,Ignore,11,0.16666666666666663,3419.0,3061.0,0.895291020766306,False,False
CN,CN: 867345,2023-10-01,1. Manual,Ignore,11,0.16666666666666663,1555.0,4005.0,2.57556270096463,False,False
CN,CN: 868249,2023-10-01,1. Manual,Ignore,6,0.5833333333333333,59074.0,67981.0,1.1507769915698953,False,False
CN,CN: 879254,2023-10-01,1. Manual,Ignore,6,0.6666666666666667,1286.0,2314.0,1.7993779160186625,False,False
CN,CN: 879268,2023-10-01,1. Manual,Ignore,4,0.8333333333333334,16.0,23.0,1.4375,False,False
CN,CN: 879533,2023-10-01,1. Manual,Ignore,6,0.5,2889.0,2648.0,0.9165801315334026,False,False
CN,CN: 879534,2023-10-01,1. Manual,Ignore,6,0.5833333333333333,6254.0,8754.0,1.3997441637352095,False,False
CN,CN: 879535,2023-10-01,1. Manual,Ignore,6,0.5833333333333333,964.0,1192.0,1.2365145228215768,False,False
CN,CN: 879536,2023-10-01,1. Manual,Ignore,6,0.5,4706.0,5205.0,1.1060348491287717,False,False
CN,CN: 883731,2023-10-01,1. Manual,Ignore,3,0.8333333333333334,4176.0,5411.0,1.2957375478927202,False,False
CN,CN: 888226,2023-10-01,1. Manual,Ignore,2,0.9166666666666666,70.0,70.0,1.0,False,False
CN,CN: 889981,2023-10-01,1. Manual,Ignore,2,0.9166666666666666,7.0,12.0,1.7142857142857142,False,False
HK,HK: 355121,2023-10-01,2. Statistical,Ignore,78,0.0,3199.0,1613.0,0.5042200687714911,True,True
HK,HK: 540452,2023-10-01,2. Statistical,Use,78,0.0,6469.0,2919.0,0.4512289380120575,True,True
HK,HK: 540453,2023-10-01,2. Statistical,Use,78,0.0,2687.0,951.0,0.3539263118719762,True,True
HK,HK: 540454,2023-10-01,1. Manual,Ignore,78,0.16666666666666663,652.0,621.0,0.9524539877300614,False,False
HK,HK: 550423,2023-10-01,1. Manual,Ignore,8,0.6666666666666667,2.0,4.0,2.0,False,False
HK,HK: 634643,2023-10-01,2. Statistical,Use,78,0.0,4874.0,448.0,0.09191629052113254,True,False
HK,HK: 651652,2023-10-01,2. Statistical,Use,78,0.0,3694.0,2795.0,0.7566323768272875,False,False
HK,HK: 652145,2023-10-01,2. Statistical,Use,78,0.0,2519.0,621.0,0.24652639936482731,True,False
HK,HK: 653354,2023-10-01,2. Statistical,Use,78,0.0,510.0,166.0,0.3254901960784314,True,True
HK,HK: 654778,2023-10-01,2. Statistical,Use,78,0.0,6018.0,1367.0,0.22715187770023262,True,True
HK,HK: 664112,2023-10-01,2. Statistical,Use,73,0.0,2296.0,615.0,0.26785714285714285,True,True
HK,HK: 693869,2023-10-01,2. Statistical,Use,78,0.0,7332.0,1277.0,0.17416803055100927,True,True
HK,HK: 693870,2023-10-01,2. Statistical,Use,78,0.0,548.0,204.0,0.3722627737226277,True,False
HK,HK: 704196,2023-10-01,2. Statistical,Use,64,0.0,5089.0,1749.0,0.343682452348202,True,True
HK,HK: 746501,2023-10-01,1. Manual,Ignore,29,0.75,5.0,11.0,2.2,False,False
HK,HK: 746628,2023-10-01,1. Manual,Ignore,55,0.9166666666666666,0.0,0.0,,False,False
HK,HK: 748693,2023-10-01,1. Manual,Ignore,53,0.9166666666666666,0.0,0.0,,False,False
HK,HK: 750996,2023-10-01,2. Statistical,Use,50,0.0,1183.0,325.0,0.27472527472527475,True,False
HK,HK: 761700,2023-10-01,2. Statistical,Use,78,0.0,3013.0,748.0,0.24825755061400598,True,False
HK,HK: 763038,2023-10-01,2. Statistical,Use,42,0.0,4522.0,1171.0,0.2589562140645732,True,False
HK,HK: 774494,2023-10-01,2. Statistical,Use,42,0.0,247.0,91.0,0.3684210526315789,True,False
HK,HK: 774570,2023-10-01,1. Manual,Ignore,12,0.9166666666666666,0.0,0.0,,False,False
HK,HK: 774573,2023-10-01,1. Manual,Ignore,4,0.8333333333333334,1.0,1.0,1.0,False,False
HK,HK: 774578,2023-10-01,1. Manual,Ignore,14,0.8333333333333334,0.0,0.0,,False,False
HK,HK: 774581,2023-10-01,1. Manual,Ignore,4,0.8333333333333334,914.0,2042.0,2.2341356673960613,False,False
HK,HK: 774630,2023-10-01,1. Manual,Ignore,19,0.8333333333333334,1.0,2.0,2.0,False,False
HK,HK: 774631,2023-10-01,1. Manual,Ignore,4,0.9166666666666666,4.0,8.0,2.0,False,False
HK,HK: 774632,2023-10-01,1. Manual,Ignore,32,0.8333333333333334,17.0,55.0,3.235294117647059,False,False
HK,HK: 774634,2023-10-01,1. Manual,Ignore,6,0.8333333333333334,245.0,638.0,2.6040816326530614,False,False
HK,HK: 774636,2023-10-01,1. Manual,Ignore,3,0.8333333333333334,1142.0,2283.0,1.999124343257443,False,False
HK,HK: 774734,2023-10-01,1. Manual,Ignore,8,0.9166666666666666,1.0,3.0,3.0,False,False
HK,HK: 779883,2023-10-01,2. Statistical,Use,78,0.0,4100.0,756.0,0.18439024390243902,True,True
HK,HK: 779884,2023-10-01,2. Statistical,Use,64,0.0,724.0,123.0,0.16988950276243095,True,True
HK,HK: 779885,2023-10-01,2. Statistical,Use,30,0.0,842.0,358.0,0.4251781472684085,True,False
HK,HK: 779887,2023-10-01,1. Manual,Ignore,78,0.0,1100.0,470.0,0.42727272727272725,True,False
HK,HK: 779891,2023-10-01,2. Statistical,Use,78,0.0,6340.0,948.0,0.14952681388012617,True,True
HK,HK: 779893,2023-10-01,2. Statistical,Use,65,0.0,496.0,127.0,0.2560483870967742,True,False
HK,HK: 779894,2023-10-01,2. Statistical,Use,30,0.0,1664.0,435.0,0.2614182692307692,True,False
HK,HK: 779895,2023-10-01,2. Statistical,Use,78,0.0,1808.0,480.0,0.26548672566371684,True,False
HK,HK: 779897,2023-10-01,2. Statistical,Use,66,0.0,559.0,152.0,0.27191413237924866,True,False
HK,HK: 779898,2023-10-01,2. Statistical,Use,78,0.0,2098.0,458.0,0.21830314585319352,True,True
HK,HK: 782539,2023-10-01,2. Statistical,Use,78,0.0,8909.0,1057.0,0.11864406779661017,True,False
HK,HK: 782540,2023-10-01,2. Statistical,Use,78,0.0,3078.0,479.0,0.15562053281351526,True,False
HK,HK: 782541,2023-10-01,2. Statistical,Use,62,0.0,1506.0,294.0,0.1952191235059761,True,False
HK,HK: 782542,2023-10-01,2. Statistical,Use,30,0.0,1289.0,822.0,0.6377036462373933,True,False
HK,HK: 783432,2023-10-01,1. Manual,Ignore,12,0.5833333333333333,325.0,730.0,2.246153846153846,False,False
HK,HK: 783433,2023-10-01,1. Manual,Ignore,3,0.9166666666666666,23.0,46.0,2.0,False,False
HK,HK: 784070,2023-10-01,1. Manual,Ignore,55,0.0,3130.0,4565.0,1.4584664536741214,False,True
HK,HK: 785118,2023-10-01,2. Statistical,Use,30,0.0,3844.0,1014.0,0.26378772112382937,True,True
HK,HK: 785192,2023-10-01,2. Statistical,Use,78,0.0,1292.0,550.0,0.42569659442724456,True,True
HK,HK: 798536,2023-10-01,1. Manual,Ignore,3,0.8333333333333334,1498.0,2863.0,1.911214953271028,False,False
HK,HK: 798537,2023-10-01,1. Manual,Ignore,19,0.0,706.0,487.0,0.6898016997167139,True,False
HK,HK: 798588,2023-10-01,2. Statistical,Use,78,0.0,141.0,31.0,0.2198581560283688,True,False
HK,HK: 805957,2023-10-01,2. Statistical,Use,78,0.0,5421.0,656.0,0.12101088360081166,True,True
HK,HK: 805958,2023-10-01,2. Statistical,Use,78,0.0,6284.0,1053.0,0.16756842775302355,True,True
HK,HK: 845933,2023-10-01,2. Statistical,Use,64,0.0,802.0,195.0,0.243142144638404,True,False
HK,HK: 868973,2023-10-01,2. Statistical,Ignore,78,0.33333333333333337,7837.0,8171.0,1.0426183488579814,False,False
HK,HK: 878578,2023-10-01,1. Manual,Ignore,4,0.8333333333333334,1910.0,2673.0,1.399476439790576,False,False
HK,HK: 881883,2023-10-01,2. Statistical,Use,5,0.5833333333333333,20362.0,3834.0,0.18829191631470385,False,False
HK,HK: 881884,2023-10-01,2. Statistical,Use,78,0.0,9216.0,2662.0,0.2888454861111111,True,True
HK,HK: 881885,2023-10-01,1. Manual,Ignore,78,0.0,6357.0,4183.0,0.6580147868491427,True,False
HK,HK: 888192,2023-10-01,1. Manual,Ignore,4,0.8333333333333334,599.0,1339.0,2.2353923205342237,False,False
HK,HK: 888193,2023-10-01,1. Manual,Ignore,4,0.8333333333333334,599.0,1339.0,2.2353923205342237,False,False
HK,HK: 893243,2023-10-01,1. Manual,Ignore,2,0.8333333333333334,1373.0,1292.0,0.9410050983248361,False,False
IN,IN_Institutions: 499182,2023-10-01,1. Manual,Ignore,101,0.0,325896.0,169524.0,0.5201782163635025,True,False
IN,IN_Institutions: 555831,2023-10-01,1. Manual,Ignore,101,0.0,570.0,854.0,1.4982456140350877,False,False
IN,IN_Institutions: 653805,2023-10-01,1. Manual,Ignore,79,0.8333333333333334,25.0,56.0,2.24,False,False
IN,IN_Institutions: 653812,2023-10-01,1. Manual,Ignore,79,0.33333333333333337,1551.0,1744.0,1.124435847840103,False,False
IN,IN_Institutions: 704913,2023-10-01,1. Manual,Ignore,68,0.8333333333333334,7.0,21.0,3.0,False,False
IN,IN_Institutions: 707324,2023-10-01,1. Manual,Ignore,78,0.9166666666666666,5.0,17.0,3.4,False,False
IN,IN_Institutions: 724619,2023-10-01,1. Manual,Ignore,72,0.9166666666666666,26.0,87.0,3.3461538461538463,False,False
IN,IN_Institutions: 729152,2023-10-01,1. Manual,Ignore,96,0.9166666666666666,58.0,166.0,2.8620689655172415,False,False
IN,IN_Institutions: 746079,2023-10-01,1. Manual,Ignore,103,0.5,414.0,558.0,1.3478260869565217,False,False
IN,IN_Institutions: 758242,2023-10-01,1. Manual,Ignore,105,0.16666666666666663,191.0,218.0,1.1413612565445026,False,False
IN,IN_Institutions: 758244,2023-10-01,1. Manual,Ignore,105,0.25,496.0,619.0,1.247983870967742,False,False
IN,IN_Institutions: 758250,2023-10-01,1. Manual,Ignore,10,0.33333333333333337,160.0,199.0,1.24375,False,False
IN,IN_Institutions: 769639,2023-10-01,1. Manual,Ignore,105,0.08333333333333337,12.0,12.0,1.0,False,False
IN,IN_Institutions: 779423,2023-10-01,1. Manual,Ignore,92,0.33333333333333337,276.0,398.0,1.4420289855072463,False,False
IN,IN_Institutions: 780899,2023-10-01,1. Manual,Ignore,3,0.9166666666666666,1.0,2.0,2.0,False,False
IN,IN_Institutions: 835394,2023-10-01,1. Manual,Ignore,3,0.8333333333333334,228.0,448.0,1.9649122807017543,False,False
IN,IN_Institutions: 835401,2023-10-01,1. Manual,Ignore,11,0.41666666666666663,25.0,43.0,1.72,False,False
IN,IN_Nepal: 746079,2023-10-01,1. Manual,Ignore,98,0.25,3275.0,2525.0,0.7709923664122137,False,True
IN,IN_Nepal: 758242,2023-10-01,1. Manual,Ignore,105,0.16666666666666663,9750.0,6139.0,0.6296410256410256,True,True
IN,IN_Nepal: 758244,2023-10-01,1. Manual,Ignore,105,0.16666666666666663,21000.0,12845.0,0.6116666666666667,True,True
IN,IN_Wholesalers: 276053,2023-10-01,2. Statistical,Use,105,0.0,104562.0,14011.0,0.13399705437922,True,False
IN,IN_Wholesalers: 386013,2023-10-01,2. Statistical,Use,105,0.0,1989794.0,230228.0,0.11570443975607525,True,True
IN,IN_Wholesalers: 503519,2023-10-01,2. Statistical,Use,105,0.0,85051.0,19576.0,0.23016778168393082,True,False
IN,IN_Wholesalers: 523558,2023-10-01,2. Statistical,Use,105,0.25,31886.0,23088.0,0.7240795333375148,False,False
IN,IN_Wholesalers: 555831,2023-10-01,2. Statistical,Use,104,0.0,399999.0,56606.0,0.14151535378838448,True,True
IN,IN_Wholesalers: 607872,2023-10-01,1. Manual,Ignore,100,0.9166666666666666,0.0,0.0,,False,False
IN,IN_Wholesalers: 653805,2023-10-01,2. Statistical,Use,79,0.0,767596.0,507695.0,0.6614091266760118,True,True
IN,IN_Wholesalers: 653812,2023-10-01,2. Statistical,Use,79,0.0,1689945.0,969898.0,0.5739228199734311,True,True
IN,IN_Wholesalers: 653814,2023-10-01,2. Statistical,Use,79,0.0,63786.0,8021.0,0.12574859687078668,True,True
IN,IN_Wholesalers: 675067,2023-10-01,2. Statistical,Use,105,0.0,248233.0,54110.0,0.21798068749924465,True,True
IN,IN_Wholesalers: 704913,2023-10-01,2. Statistical,Use,79,0.0,184220.0,15074.0,0.08182607751601347,True,True
IN,IN_Wholesalers: 707324,2023-10-01,2. Statistical,Use,79,0.0,125778.0,7139.0,0.05675873364181335,True,True
IN,IN_Wholesalers: 721633,2023-10-01,1. Manual,Ignore,54,0.9166666666666666,1654.0,5484.0,3.3155985489721886,False,False
IN,IN_Wholesalers: 724619,2023-10-01,2. Statistical,Use,79,0.0,6495055.0,2472200.0,0.3806280316332964,True,False
IN,IN_Wholesalers: 729152,2023-10-01,2. Statistical,Use,98,0.0,48906.0,5520.0,0.11286958655379709,True,False
IN,IN_Wholesalers: 729153,2023-10-01,1. Manual,Ignore,57,0.33333333333333337,1288.0,1678.0,1.3027950310559007,False,False
IN,IN_Wholesalers: 746079,2023-10-01,2. Statistical,Use,104,0.0,264968.0,182935.0,0.6904041242716101,True,True
IN,IN_Wholesalers: 752520,2023-10-01,2. Statistical,Use,48,0.0,23348.0,14341.0,0.614228199417509,True,False
IN,IN_Wholesalers: 758242,2023-10-01,2. Statistical,Use,105,0.0,570205.0,67104.0,0.11768399084539771,True,True
IN,IN_Wholesalers: 758244,2023-10-01,2. Statistical,Use,105,0.0,406015.0,36637.0,0.0902355824292206,True,True
IN,IN_Wholesalers: 758250,2023-10-01,2. Statistical,Use,105,0.0,304793.0,53605.0,0.17587346166086493,True,True
IN,IN_Wholesalers: 761056,2023-10-01,1. Manual,Ignore,48,0.33333333333333337,1695.0,2026.0,1.1952802359882007,False,False
IN,IN_Wholesalers: 769639,2023-10-01,2. Statistical,Use,105,0.0,65751.0,33134.0,0.5039314991406975,True,True
IN,IN_Wholesalers: 769640,2023-10-01,2. Statistical,Use,105,0.0,9676.0,1026.0,0.10603555188094253,True,True
IN,IN_Wholesalers: 775825,2023-10-01,1. Manual,Ignore,76,0.9166666666666666,0.0,1.0,inf,False,False
IN,IN_Wholesalers: 777550,2023-10-01,1. Manual,Ignore,31,0.08333333333333337,2186.0,1666.0,0.7621225983531564,False,False
IN,IN_Wholesalers: 777551,2023-10-01,1. Manual,Ignore,31,0.08333333333333337,5318.0,3458.0,0.6502444528018052,True,False
IN,IN_Wholesalers: 777552,2023-10-01,1. Manual,Ignore,31,0.08333333333333337,5897.0,3747.0,0.6354078344921147,True,False
IN,IN_Wholesalers: 779423,2023-10-01,2. Statistical,Use,94,0.0,5258406.0,512678.0,0.0974968460023817,True,True
IN,IN_Wholesalers: 780899,2023-10-01,2. Statistical,Use,30,0.08333333333333337,10034.0,6189.0,0.61680287024118,True,False
IN,IN_Wholesalers: 786604,2023-10-01,1. Manual,Ignore,27,0.33333333333333337,973.0,1300.0,1.3360739979445015,False,True
IN,IN_Wholesalers: 798194,2023-10-01,1. Manual,Ignore,105,0.08333333333333337,10294.0,10238.0,0.9945599378278609,False,False
IN,IN_Wholesalers: 828463,2023-10-01,1. Manual,Ignore,94,0.0,129756.0,8466.0,0.06524553777859983,True,False
IN,IN_Wholesalers: 828464,2023-10-01,1. Manual,Ignore,100,0.16666666666666663,94466.0,51297.0,0.5430207693773421,True,False
IN,IN_Wholesalers: 835394,2023-10-01,2. Statistical,Use,105,0.0,1167865.0,534592.0,0.4577515380630467,True,True
IN,IN_Wholesalers: 835401,2023-10-01,2. Statistical,Use,95,0.0,259515.0,130979.0,0.5047068570217521,True,True
KR,KR: 266932,2023-10-01,1. Manual,Ignore,75,0.16666666666666663,20496.0,10985.0,0.5359582357533177,True,False
KR,KR: 266933,2023-10-01,1. Manual,Ignore,78,0.16666666666666663,22558.0,20365.0,0.9027839347459882,False,False
KR,KR: 423990,2023-10-01,2. Statistical,Use,78,0.0,7700.0,3329.0,0.43233766233766235,True,True
KR,KR: 509558,2023-10-01,1. Manual,Ignore,73,0.41666666666666663,4440.0,4185.0,0.9425675675675675,False,False
KR,KR: 530487,2023-10-01,2. Statistical,Use,78,0.0,2223.0,615.0,0.2766531713900135,True,True
KR,KR: 531459,2023-10-01,2. Statistical,Use,78,0.0,20355.0,6873.0,0.337656595431098,True,True
KR,KR: 543776,2023-10-01,2. Statistical,Use,78,0.0,4067.0,1290.0,0.3171871158101795,True,True
KR,KR: 543779,2023-10-01,2. Statistical,Use,78,0.0,6928.0,3166.0,0.456986143187067,True,True
KR,KR: 543951,2023-10-01,2. Statistical,Use,78,0.0,1593.0,876.0,0.5499058380414312,True,False
KR,KR: 543952,2023-10-01,1. Manual,Ignore,78,0.0,654.0,314.0,0.4801223241590214,True,False
KR,KR: 546562,2023-10-01,2. Statistical,Use,78,0.0,2063.0,697.0,0.33785748909355307,True,True
KR,KR: 584531,2023-10-01,1. Manual,Ignore,20,0.0,35561.0,35688.0,1.0035713281403784,False,False
KR,KR: 611416,2023-10-01,2. Statistical,Use,78,0.0,5966.0,2030.0,0.3402614817298022,True,True
KR,KR: 611419,2023-10-01,1. Manual,Ignore,36,0.16666666666666663,2190.0,1478.0,0.6748858447488585,True,True
KR,KR: 611421,2023-10-01,1. Manual,Ignore,78,0.5,223.0,419.0,1.8789237668161436,False,False
KR,KR: 615581,2023-10-01,2. Statistical,Use,78,0.0,8583.0,2678.0,0.31201211697541653,True,True
KR,KR: 615582,2023-10-01,2. Statistical,Use,78,0.0,8643.0,2849.0,0.32963091519148446,True,True
KR,KR: 615583,2023-10-01,1. Manual,Ignore,78,0.0,3281.0,2689.0,0.8195672051203902,False,True
KR,KR: 615584,2023-10-01,2. Statistical,Use,78,0.0,8201.0,2635.0,0.3213022802097305,True,True
KR,KR: 615585,2023-10-01,1. Manual,Ignore,36,0.16666666666666663,1431.0,1293.0,0.9035639412997903,False,True
KR,KR: 619740,2023-10-01,1. Manual,Ignore,36,0.33333333333333337,1008.0,1348.0,1.3373015873015872,False,True
KR,KR: 621835,2023-10-01,2. Statistical,Use,78,0.0,2356.0,838.0,0.35568760611205436,True,False
KR,KR: 642432,2023-10-01,1. Manual,Ignore,76,0.0,2485.0,1671.0,0.6724346076458753,True,False
KR,KR: 650936,2023-10-01,2. Statistical,Use,78,0.0,981.0,477.0,0.48623853211009177,True,False
KR,KR: 664858,2023-10-01,1. Manual,Ignore,36,0.75,46.0,125.0,2.717391304347826,False,False
KR,KR: 664859,2023-10-01,1. Manual,Ignore,78,0.0,7856.0,5196.0,0.6614052953156823,True,False
KR,KR: 664860,2023-10-01,1. Manual,Ignore,36,0.25,1367.0,1302.0,0.9524506217995611,False,True
KR,KR: 664861,2023-10-01,2. Statistical,Use,78,0.0,5867.0,3131.0,0.533662860064769,True,True
KR,KR: 668283,2023-10-01,1. Manual,Ignore,78,0.0,4809.0,2318.0,0.48201289249324186,True,False
KR,KR: 670033,2023-10-01,1. Manual,Ignore,33,0.25,764.0,1167.0,1.5274869109947644,False,True
KR,KR: 670904,2023-10-01,2. Statistical,Use,67,0.0,1948.0,919.0,0.4717659137577002,True,True
KR,KR: 672581,2023-10-01,1. Manual,Ignore,75,0.0,5565.0,5588.0,1.0041329739442948,False,True
KR,KR: 678305,2023-10-01,1. Manual,Ignore,30,0.5833333333333333,417.0,966.0,2.316546762589928,False,False
KR,KR: 679419,2023-10-01,1. Manual,Ignore,74,0.0,3885.0,3893.0,1.002059202059202,False,True
KR,KR: 695648,2023-10-01,1. Manual,Ignore,32,0.5833333333333333,650.0,1644.0,2.5292307692307694,False,False
KR,KR: 721507,2023-10-01,1. Manual,Ignore,30,0.9166666666666666,475.0,1572.0,3.309473684210526,False,False
KR,KR: 729881,2023-10-01,2. Statistical,Use,78,0.0,3032.0,1090.0,0.35949868073878627,True,False
KR,KR: 729882,2023-10-01,1. Manual,Ignore,78,0.0,2225.0,640.0,0.2876404494382023,True,True
KR,KR: 729884,2023-10-01,2. Statistical,Use,78,0.0,2162.0,593.0,0.2742830712303423,True,True
KR,KR: 731151,2023-10-01,1. Manual,Ignore,54,0.08333333333333337,1020.0,617.0,0.6049019607843137,True,False
KR,KR: 731152,2023-10-01,1. Manual,Ignore,54,0.0,1433.0,829.0,0.578506629448709,True,True
KR,KR: 746773,2023-10-01,1. Manual,Ignore,36,0.0,4031.0,2520.0,0.6251550483750931,True,True
KR,KR: 746775,2023-10-01,1. Manual,Ignore,36,0.0,5328.0,4590.0,0.8614864864864865,False,True
KR,KR: 746865,2023-10-01,1. Manual,Ignore,78,0.25,625.0,825.0,1.32,False,True
KR,KR: 757242,2023-10-01,1. Manual,Ignore,36,0.08333333333333337,1532.0,1597.0,1.0424281984334203,False,False
KR,KR: 757244,2023-10-01,2. Statistical,Use,49,0.0,7573.0,4382.0,0.578634623002773,True,True
KR,KR: 757246,2023-10-01,1. Manual,Ignore,50,0.0,260.0,203.0,0.7807692307692308,False,True
KR,KR: 757247,2023-10-01,1. Manual,Ignore,48,0.0,1961.0,900.0,0.4589495155532891,True,False
KR,KR: 757253,2023-10-01,2. Statistical,Use,48,0.0,4360.0,1485.0,0.34059633027522934,True,False
KR,KR: 757255,2023-10-01,2. Statistical,Use,46,0.0,3703.0,1503.0,0.40588711855252496,True,True
KR,KR: 764188,2023-10-01,1. Manual,Ignore,35,0.33333333333333337,1350.0,1711.0,1.2674074074074073,False,False
KR,KR: 766347,2023-10-01,2. Statistical,Use,51,0.0,9037.0,3222.0,0.3565342480911807,True,True
KR,KR: 766348,2023-10-01,2. Statistical,Use,51,0.0,11319.0,6133.0,0.5418323173425215,True,False
KR,KR: 772485,2023-10-01,1. Manual,Ignore,78,0.08333333333333337,997.0,796.0,0.79839518555667,False,False
KR,KR: 772486,2023-10-01,1. Manual,Ignore,78,0.0,5832.0,3514.0,0.6025377229080933,True,True
KR,KR: 773288,2023-10-01,1. Manual,Ignore,78,0.41666666666666663,190.0,513.0,2.7,False,True
KR,KR: 773293,2023-10-01,2. Statistical,Use,78,0.0,12232.0,7151.0,0.5846141268803139,True,True
KR,KR: 778628,2023-10-01,1. Manual,Ignore,40,0.25,773.0,993.0,1.2846054333764554,False,True
KR,KR: 780122,2023-10-01,2. Statistical,Use,35,0.0,5404.0,2934.0,0.5429311621021465,True,False
KR,KR: 780856,2023-10-01,1. Manual,Ignore,37,0.0,466.0,226.0,0.48497854077253216,True,False
KR,KR: 782101,2023-10-01,1. Manual,Ignore,37,0.0,1447.0,674.0,0.46579129232895644,True,False
KR,KR: 783193,2023-10-01,1. Manual,Ignore,36,0.41666666666666663,1445.0,2200.0,1.5224913494809689,False,False
KR,KR: 783194,2023-10-01,2. Statistical,Use,37,0.0,1840.0,629.0,0.3418478260869565,True,False
KR,KR: 790303,2023-10-01,1. Manual,Ignore,50,0.33333333333333337,1254.0,1664.0,1.3269537480063796,False,True
KR,KR: 790304,2023-10-01,1. Manual,Ignore,50,0.41666666666666663,1761.0,2487.0,1.4122657580919933,False,True
KR,KR: 790305,2023-10-01,1. Manual,Ignore,36,0.8333333333333334,741.0,1660.0,2.2402159244264506,False,False
KR,KR: 790306,2023-10-01,1. Manual,Ignore,36,0.8333333333333334,935.0,1881.0,2.011764705882353,False,False
KR,KR: 793516,2023-10-01,1. Manual,Ignore,33,0.08333333333333337,1274.0,832.0,0.6530612244897959,True,True
KR,KR: 793517,2023-10-01,2. Statistical,Use,78,0.0,6593.0,2762.0,0.4189291672986501,True,True
KR,KR: 798980,2023-10-01,1. Manual,Ignore,30,0.9166666666666666,475.0,1572.0,3.309473684210526,False,False
KR,KR: 805135,2023-10-01,1. Manual,Ignore,31,0.08333333333333337,102.0,70.0,0.6862745098039216,True,False
KR,KR: 805546,2023-10-01,2. Statistical,Use,78,0.0,16820.0,4945.0,0.29399524375743163,True,True
KR,KR: 805547,2023-10-01,2. Statistical,Use,78,0.0,16202.0,7688.0,0.47450931983705713,True,True
KR,KR: 805550,2023-10-01,2. Statistical,Use,78,0.0,19866.0,3785.0,0.19052652773583006,True,False
KR,KR: 805551,2023-10-01,2. Statistical,Use,78,0.0,3630.0,416.0,0.11460055096418732,True,True
KR,KR: 806073,2023-10-01,2. Statistical,Use,78,0.08333333333333337,1734.0,1737.0,1.0017301038062283,False,True
KR,KR: 813499,2023-10-01,1. Manual,Ignore,78,0.41666666666666663,11413.0,10977.0,0.961797949706475,False,False
KR,KR: 814166,2023-10-01,1. Manual,Ignore,27,0.0,714.0,333.0,0.46638655462184875,True,False
KR,KR: 818130,2023-10-01,2. Statistical,Use,78,0.0,14853.0,6976.0,0.46966942705177406,True,True
KR,KR: 820131,2023-10-01,1. Manual,Ignore,26,0.0,2024.0,1007.0,0.4975296442687747,True,False
KR,KR: 820132,2023-10-01,1. Manual,Ignore,26,0.16666666666666663,1030.0,960.0,0.9320388349514563,False,False
KR,KR: 820177,2023-10-01,2. Statistical,Use,78,0.0,4769.0,2024.0,0.4244076326273852,True,True
KR,KR: 820480,2023-10-01,1. Manual,Ignore,26,0.0,2905.0,779.0,0.26815834767641994,True,False
KR,KR: 823153,2023-10-01,1. Manual,Use,78,0.0,48021.0,21705.0,0.45198975448241396,True,False
KR,KR: 823154,2023-10-01,1. Manual,Use,78,0.0,135763.0,45405.0,0.3344431104203649,True,False
KR,KR: 823155,2023-10-01,1. Manual,Use,78,0.0,1830.0,611.0,0.333879781420765,True,False
KR,KR: 829047,2023-10-01,1. Manual,Ignore,22,0.0,1306.0,355.0,0.27182235834609497,True,False
KR,KR: 829048,2023-10-01,1. Manual,Ignore,18,0.25,545.0,935.0,1.7155963302752293,False,False
KR,KR: 829082,2023-10-01,1. Manual,Ignore,18,0.08333333333333337,806.0,1395.0,1.7307692307692308,False,False
KR,KR: 838878,2023-10-01,1. Manual,Ignore,18,0.5833333333333333,688.0,1517.0,2.2049418604651163,False,False
KR,KR: 841709,2023-10-01,1. Manual,Ignore,15,0.75,419.0,798.0,1.9045346062052506,False,False
KR,KR: 849374,2023-10-01,1. Manual,Ignore,14,0.0,3860.0,2443.0,0.6329015544041451,True,False
KR,KR: 849375,2023-10-01,1. Manual,Ignore,14,0.16666666666666663,192.0,494.0,2.5729166666666665,False,False
KR,KR: 854789,2023-10-01,1. Manual,Use,78,0.08333333333333337,19974.0,8776.0,0.4393711825372985,True,False
KR,KR: 854790,2023-10-01,1. Manual,Use,78,0.0,3346.0,1177.0,0.3517632994620442,True,False
KR,KR: 858912,2023-10-01,1. Manual,Ignore,13,0.5,64.0,171.0,2.671875,False,False
KR,KR: 859751,2023-10-01,1. Manual,Ignore,13,0.5,60.0,171.0,2.85,False,False
KR,KR: 873477,2023-10-01,1. Manual,Ignore,9,0.25,1966.0,797.0,0.4053916581892167,False,False
KR,KR: 876692,2023-10-01,1. Manual,Ignore,6,0.5,657.0,507.0,0.771689497716895,False,False
KR,KR: 876903,2023-10-01,1. Manual,Ignore,7,0.41666666666666663,332.0,465.0,1.4006024096385543,False,False
KR,KR: 877262,2023-10-01,1. Manual,Ignore,6,0.5,843.0,365.0,0.43297746144721233,False,False
KR,KR: 877634,2023-10-01,1. Manual,Ignore,7,0.6666666666666667,1986.0,2941.0,1.4808660624370593,False,False
KR,KR: 889435,2023-10-01,1. Manual,Ignore,2,0.8333333333333334,398.0,267.0,0.6708542713567839,False,False
KR,KR: 94466,2023-10-01,1. Manual,Ignore,78,0.16666666666666663,7667.0,6241.0,0.8140080866049302,False,False
KR,KR: 96889,2023-10-01,1. Manual,Ignore,78,0.08333333333333337,9298.0,6414.0,0.6898257689825769,True,True
MM,MM: 387147,2023-10-01,1. Manual,Ignore,23,0.75,2125.0,4883.0,2.2978823529411763,False,False
MM,MM: 738181,2023-10-01,1. Manual,Ignore,23,0.75,429.0,786.0,1.832167832167832,False,False
TH,TH: 386103,2023-10-01,2. Statistical,Ignore,78,0.5833333333333333,114.0,344.0,3.017543859649123,False,False
TH,TH: 390001,2023-10-01,2. Statistical,Ignore,78,0.08333333333333337,10710.0,9888.0,0.923249299719888,False,False
TH,TH: 390002,2023-10-01,2. Statistical,Ignore,78,0.16666666666666663,85.0,63.0,0.7411764705882353,False,False
TH,TH: 411039,2023-10-01,1. Manual,Ignore,78,0.9166666666666666,0.0,0.0,,False,True
TH,TH: 416605,2023-10-01,2. Statistical,Use,78,0.16666666666666663,12214.0,10864.0,0.8894710987391518,False,True
TH,TH: 489555,2023-10-01,1. Manual,Ignore,78,0.08333333333333337,3300.0,4393.0,1.3312121212121213,False,True
TH,TH: 528924,2023-10-01,2. Statistical,Use,78,0.0,17139.0,10139.0,0.5915747709901394,True,True
TH,TH: 640653,2023-10-01,2. Statistical,Use,78,0.0,23821.0,9503.0,0.39893371394987615,True,True
TH,TH: 640655,2023-10-01,2. Statistical,Use,78,0.08333333333333337,97.0,90.0,0.9278350515463918,False,False
TH,TH: 669010,2023-10-01,2. Statistical,Ignore,78,0.6666666666666667,6.0,13.0,2.1666666666666665,False,True
TH,TH: 669011,2023-10-01,2. Statistical,Use,78,0.0,597.0,219.0,0.36683417085427134,True,True
TH,TH: 669016,2023-10-01,2. Statistical,Use,78,0.0,971.0,264.0,0.27188465499485065,True,True
TH,TH: 669017,2023-10-01,2. Statistical,Use,78,0.0,1103.0,277.0,0.2511332728921124,True,False
TH,TH: 669023,2023-10-01,2. Statistical,Use,78,0.16666666666666663,1058.0,1806.0,1.7069943289224954,False,False
TH,TH: 669025,2023-10-01,2. Statistical,Use,78,0.0,1039.0,640.0,0.6159769008662175,True,True
TH,TH: 669026,2023-10-01,2. Statistical,Use,78,0.6666666666666667,113.0,299.0,2.646017699115044,False,False
TH,TH: 679465,2023-10-01,2. Statistical,Ignore,69,0.8333333333333334,1.0,5.0,5.0,False,False
TH,TH: 686237,2023-10-01,2. Statistical,Ignore,18,0.9166666666666666,0.0,1.0,inf,False,False
TH,TH: 723870,2023-10-01,2. Statistical,Use,78,0.0,8135.0,4674.0,0.5745543945912723,True,False
TH,TH: 761874,2023-10-01,1. Manual,Ignore,48,0.9166666666666666,2.0,7.0,3.5,False,False
TH,TH: 773446,2023-10-01,2. Statistical,Ignore,18,0.75,22.0,52.0,2.3636363636363638,False,False
TH,TH: 773608,2023-10-01,2. Statistical,Use,78,0.0,81099.0,49302.0,0.607923648873599,True,True
TH,TH: 774722,2023-10-01,2. Statistical,Use,78,0.0,40830.0,20770.0,0.50869458731325,True,False
TH,TH: 774725,2023-10-01,2. Statistical,Use,78,0.0,14534.0,13661.0,0.9399339479840374,False,True
TH,TH: 774729,2023-10-01,2. Statistical,Use,78,0.0,6532.0,3507.0,0.5368952847519902,True,False
TH,TH: 774730,2023-10-01,2. Statistical,Use,78,0.0,6336.0,2907.0,0.4588068181818182,True,True
TH,TH: 774731,2023-10-01,2. Statistical,Use,27,0.0,1043.0,784.0,0.7516778523489933,False,False
TH,TH: 774732,2023-10-01,2. Statistical,Use,78,0.0,22078.0,13260.0,0.6005978802427756,True,True
TH,TH: 780944,2023-10-01,2. Statistical,Use,78,0.0,28432.0,17766.0,0.6248593134496342,True,True
TH,TH: 780945,2023-10-01,2. Statistical,Use,78,0.0,2938.0,1978.0,0.6732471068754254,True,True
TH,TH: 783436,2023-10-01,2. Statistical,Use,40,0.08333333333333337,1795.0,1556.0,0.8668523676880223,False,False
TH,TH: 783437,2023-10-01,2. Statistical,Use,40,0.0,8861.0,4501.0,0.5079562126170861,True,False
TH,TH: 783459,2023-10-01,2. Statistical,Ignore,18,0.9166666666666666,1.0,2.0,2.0,False,False
TH,TH: 783460,2023-10-01,2. Statistical,Use,32,0.0,7976.0,4739.0,0.5941574724172518,True,True
TH,TH: 795239,2023-10-01,1. Manual,Ignore,69,0.9166666666666666,1.0,2.0,2.0,False,False
TH,TH: 796956,2023-10-01,1. Manual,Ignore,3,0.75,1186.0,881.0,0.7428330522765598,False,False
TH,TH: 799173,2023-10-01,1. Manual,Ignore,18,0.5833333333333333,9.0,28.0,3.111111111111111,False,False
TH,TH: 799177,2023-10-01,1. Manual,Ignore,18,0.5833333333333333,2.0,4.0,2.0,False,False
TH,TH: 817097,2023-10-01,1. Manual,Ignore,18,0.25,23.0,25.0,1.0869565217391304,False,False
TH,TH: 837412,2023-10-01,1. Manual,Ignore,20,0.33333333333333337,103.0,196.0,1.9029126213592233,False,False
TH,TH: 837967,2023-10-01,1. Manual,Ignore,10,0.9166666666666666,5.0,15.0,3.0,False,False
TH,TH: 838299,2023-10-01,1. Manual,Ignore,17,0.0,3982.0,1624.0,0.40783525866398795,True,False
TH,TH: 838300,2023-10-01,2. Statistical,Use,18,0.0,2048.0,727.0,0.35498046875,True,False
TH,TH: 845915,2023-10-01,1. Manual,Ignore,15,0.08333333333333337,5200.0,5637.0,1.0840384615384615,False,False
TH,TH: 845916,2023-10-01,1. Manual,Ignore,15,0.25,2362.0,3581.0,1.5160880609652836,False,False
TH,TH: 855016,2023-10-01,2. Statistical,Use,78,0.16666666666666663,9075.0,5739.0,0.632396694214876,True,True
TH,TH: 855017,2023-10-01,2. Statistical,Use,78,0.08333333333333337,28113.0,19785.0,0.7037669405613062,False,True
TH,TH: 855018,2023-10-01,1. Manual,Ignore,5,0.5833333333333333,15744.0,7103.0,0.45115599593495936,False,False
TH,TH: 855019,2023-10-01,2. Statistical,Use,73,0.0,22025.0,9354.0,0.42469920544835416,True,True
TH,TH: 855021,2023-10-01,1. Manual,Ignore,7,0.41666666666666663,3689.0,2431.0,0.6589861751152074,False,False
TH,TH: 882043,2023-10-01,2. Statistical,Use,78,0.0,32137.0,11318.0,0.35217973052867413,True,True
TH,TH: 882044,2023-10-01,2. Statistical,Use,78,0.0,27547.0,10403.0,0.37764547863651216,True,False
TH,TH: 882045,2023-10-01,2. Statistical,Use,78,0.0,3801.0,1339.0,0.35227571691660087,True,False
TH,TH: 882046,2023-10-01,2. Statistical,Use,78,0.0,2325.0,1014.0,0.43612903225806454,True,False
TH,TH: 884938,2023-10-01,2. Statistical,Use,78,0.0,50608.0,18789.0,0.37126541258299084,True,True
TH,TH: 885656,2023-10-01,1. Manual,Use,43,0.41666666666666663,1250.0,2684.0,2.1472,False,False
BR,BR: 122918,2023-10-01,1. Manual,Ignore,67,,0.0,0.0,,False,False
BR,BR: 122920,2023-10-01,1. Manual,Ignore,67,,0.0,0.0,,False,False
BR,BR: 146904,2023-10-01,1. Manual,Ignore,65,,0.0,0.0,,False,False
BR,BR: 146931,2023-10-01,1. Manual,Ignore,64,,0.0,0.0,,False,False
BR,BR: 252818,2023-10-01,1. Manual,Ignore,67,,0.0,0.0,,False,False
BR,BR: 252820,2023-10-01,1. Manual,Ignore,67,,0.0,0.0,,False,False
BR,BR: 266268,2023-10-01,1. Manual,Ignore,67,,0.0,0.0,,False,False
BR,BR: 327532,2023-10-01,1. Manual,Ignore,64,,0.0,0.0,,False,False
BR,BR: 332729,2023-10-01,1. Manual,Ignore,67,,0.0,0.0,,False,False
BR,BR: 332730,2023-10-01,1. Manual,Ignore,67,,0.0,0.0,,False,False
BR,BR: 340818,2023-10-01,1. Manual,Ignore,67,,0.0,0.0,,False,False
BR,BR: 340819,2023-10-01,1. Manual,Ignore,53,,0.0,0.0,,False,False
BR,BR: 344911,2023-10-01,1. Manual,Ignore,52,,0.0,0.0,,False,False
BR,BR: 344916,2023-10-01,1. Manual,Ignore,67,,0.0,0.0,,False,False
BR,BR: 367281,2023-10-01,1. Manual,Ignore,67,,0.0,0.0,,False,False
BR,BR: 367282,2023-10-01,1. Manual,Ignore,67,,0.0,0.0,,False,False
BR,BR: 410963,2023-10-01,1. Manual,Ignore,67,,0.0,0.0,,False,False
BR,BR: 434549,2023-10-01,1. Manual,Ignore,67,,0.0,0.0,,False,False
BR,BR: 47055,2023-10-01,1. Manual,Ignore,67,,0.0,0.0,,False,False
BR,BR: 473954,2023-10-01,1. Manual,Ignore,67,,0.0,0.0,,False,False
BR,BR: 477788,2023-10-01,1. Manual,Ignore,67,,0.0,0.0,,False,False
BR,BR: 477789,2023-10-01,1. Manual,Ignore,67,,0.0,0.0,,False,False
BR,BR: 478705,2023-10-01,1. Manual,Ignore,60,,0.0,0.0,,False,False
BR,BR: 478706,2023-10-01,1. Manual,Ignore,67,,0.0,0.0,,False,False
BR,BR: 478717,2023-10-01,1. Manual,Ignore,67,,0.0,0.0,,False,False
BR,BR: 478761,2023-10-01,1. Manual,Ignore,67,,0.0,0.0,,False,False
BR,BR: 510680,2023-10-01,1. Manual,Ignore,67,,0.0,0.0,,False,False
BR,BR: 510689,2023-10-01,1. Manual,Ignore,66,,0.0,0.0,,False,False
BR,BR: 519451,2023-10-01,1. Manual,Ignore,67,,0.0,0.0,,False,False
BR,BR: 549510,2023-10-01,1. Manual,Ignore,67,,0.0,0.0,,False,False
BR,BR: 560182,2023-10-01,1. Manual,Ignore,32,,0.0,0.0,,False,False
BR,BR: 560201,2023-10-01,1. Manual,Ignore,67,,0.0,0.0,,False,False
BR,BR: 560723,2023-10-01,1. Manual,Ignore,67,,0.0,0.0,,False,False
BR,BR: 583807,2023-10-01,1. Manual,Ignore,67,,0.0,0.0,,False,False
BR,BR: 583808,2023-10-01,1. Manual,Ignore,67,,0.0,0.0,,False,False
BR,BR: 583812,2023-10-01,1. Manual,Ignore,67,,0.0,0.0,,False,True
BR,BR: 583813,2023-10-01,1. Manual,Ignore,67,,0.0,0.0,,False,False
BR,BR: 58570,2023-10-01,1. Manual,Ignore,60,,0.0,0.0,,False,False
BR,BR: 594850,2023-10-01,1. Manual,Ignore,64,,0.0,0.0,,False,False
BR,BR: 597632,2023-10-01,1. Manual,Ignore,67,,0.0,0.0,,False,False
BR,BR: 598625,2023-10-01,1. Manual,Ignore,67,,0.0,0.0,,False,False
BR,BR: 598626,2023-10-01,1. Manual,Ignore,67,,0.0,0.0,,False,False
BR,BR: 600547,2023-10-01,1. Manual,Ignore,67,,0.0,0.0,,False,True
BR,BR: 602857,2023-10-01,1. Manual,Ignore,67,,0.0,0.0,,False,False
BR,BR: 602977,2023-10-01,1. Manual,Ignore,67,,0.0,0.0,,False,False
BR,BR: 606959,2023-10-01,1. Manual,Ignore,67,,0.0,0.0,,False,False
BR,BR: 606960,2023-10-01,1. Manual,Ignore,67,,0.0,0.0,,False,False
BR,BR: 613785,2023-10-01,1. Manual,Ignore,67,,0.0,0.0,,False,False
BR,BR: 613788,2023-10-01,1. Manual,Ignore,67,,0.0,0.0,,False,False
BR,BR: 613790,2023-10-01,1. Manual,Ignore,59,,0.0,0.0,,False,False
BR,BR: 615347,2023-10-01,1. Manual,Ignore,67,,0.0,0.0,,False,True
BR,BR: 624431,2023-10-01,1. Manual,Ignore,67,,0.0,0.0,,False,False
BR,BR: 627606,2023-10-01,1. Manual,Ignore,67,,0.0,0.0,,False,False
BR,BR: 641428,2023-10-01,1. Manual,Ignore,67,,0.0,0.0,,False,False
BR,BR: 651075,2023-10-01,1. Manual,Ignore,67,,0.0,0.0,,False,False
BR,BR: 653096,2023-10-01,1. Manual,Ignore,67,,0.0,0.0,,False,False
BR,BR: 653829,2023-10-01,1. Manual,Ignore,67,,0.0,0.0,,False,False
BR,BR: 653833,2023-10-01,1. Manual,Ignore,67,,0.0,0.0,,False,False
BR,BR: 653834,2023-10-01,1. Manual,Ignore,67,,0.0,0.0,,False,False
BR,BR: 653835,2023-10-01,1. Manual,Ignore,67,,0.0,0.0,,False,False
BR,BR: 653836,2023-10-01,1. Manual,Ignore,67,,0.0,0.0,,False,False
BR,BR: 653842,2023-10-01,1. Manual,Ignore,67,,0.0,0.0,,False,False
BR,BR: 653843,2023-10-01,1. Manual,Ignore,67,,0.0,0.0,,False,False
BR,BR: 653844,2023-10-01,1. Manual,Ignore,67,,0.0,0.0,,False,False
BR,BR: 656619,2023-10-01,1. Manual,Ignore,67,,0.0,0.0,,False,False
BR,BR: 657414,2023-10-01,1. Manual,Ignore,52,,0.0,0.0,,False,False
BR,BR: 659497,2023-10-01,1. Manual,Ignore,67,,0.0,0.0,,False,False
BR,BR: 660496,2023-10-01,1. Manual,Ignore,67,,0.0,0.0,,False,False
BR,BR: 660501,2023-10-01,1. Manual,Ignore,67,,0.0,0.0,,False,False
BR,BR: 660502,2023-10-01,1. Manual,Ignore,67,,0.0,0.0,,False,False
BR,BR: 668450,2023-10-01,1. Manual,Ignore,61,,0.0,0.0,,False,False
BR,BR: 668457,2023-10-01,1. Manual,Ignore,67,,0.0,0.0,,False,False
BR,BR: 674225,2023-10-01,1. Manual,Ignore,67,,0.0,0.0,,False,False
BR,BR: 674232,2023-10-01,1. Manual,Ignore,61,,0.0,0.0,,False,False
BR,BR: 676816,2023-10-01,1. Manual,Ignore,67,,0.0,0.0,,False,False
BR,BR: 686830,2023-10-01,1. Manual,Ignore,66,,0.0,0.0,,False,False
BR,BR: 686980,2023-10-01,1. Manual,Ignore,67,,0.0,0.0,,False,False
BR,BR: 686983,2023-10-01,1. Manual,Ignore,66,,0.0,0.0,,False,False
BR,BR: 688151,2023-10-01,1. Manual,Ignore,55,,0.0,0.0,,False,False
BR,BR: 688153,2023-10-01,1. Manual,Ignore,46,,0.0,0.0,,False,False
BR,BR: 688154,2023-10-01,1. Manual,Ignore,48,,0.0,0.0,,False,False
BR,BR: 688624,2023-10-01,1. Manual,Ignore,49,,0.0,0.0,,False,False
BR,BR: 704064,2023-10-01,1. Manual,Ignore,60,,0.0,0.0,,False,False
BR,BR: 704070,2023-10-01,1. Manual,Ignore,36,,0.0,0.0,,False,False
BR,BR: 715741,2023-10-01,1. Manual,Ignore,65,,0.0,0.0,,False,False
BR,BR: 715770,2023-10-01,1. Manual,Ignore,59,,0.0,0.0,,False,False
BR,BR: 722053,2023-10-01,1. Manual,Ignore,53,,0.0,0.0,,False,False
BR,BR: 722522,2023-10-01,1. Manual,Ignore,63,,0.0,0.0,,False,False
BR,BR: 728478,2023-10-01,1. Manual,Ignore,56,,0.0,0.0,,False,False
BR,BR: 734611,2023-10-01,1. Manual,Ignore,54,,0.0,0.0,,False,False
BR,BR: 734880,2023-10-01,1. Manual,Ignore,38,,0.0,0.0,,False,False
BR,BR: 734881,2023-10-01,1. Manual,Ignore,38,,0.0,0.0,,False,False
BR,BR: 735100,2023-10-01,1. Manual,Ignore,50,,0.0,0.0,,False,False
BR,BR: 735102,2023-10-01,1. Manual,Ignore,47,,0.0,0.0,,False,False
BR,BR: 735728,2023-10-01,1. Manual,Ignore,38,,0.0,0.0,,False,False
BR,BR: 736329,2023-10-01,1. Manual,Ignore,37,,0.0,0.0,,False,False
BR,BR: 736330,2023-10-01,1. Manual,Ignore,37,,0.0,0.0,,False,False
BR,BR: 738246,2023-10-01,1. Manual,Ignore,53,,0.0,0.0,,False,False
BR,BR: 738247,2023-10-01,1. Manual,Ignore,53,,0.0,0.0,,False,False
BR,BR: 738248,2023-10-01,1. Manual,Ignore,53,,0.0,0.0,,False,True
BR,BR: 738249,2023-10-01,1. Manual,Ignore,53,,0.0,0.0,,False,False
BR,BR: 738250,2023-10-01,1. Manual,Ignore,53,,0.0,0.0,,False,False
BR,BR: 738384,2023-10-01,1. Manual,Ignore,53,,0.0,0.0,,False,False
BR,BR: 738769,2023-10-01,1. Manual,Ignore,48,,0.0,0.0,,False,False
BR,BR: 739104,2023-10-01,1. Manual,Ignore,50,,0.0,0.0,,False,False
BR,BR: 740443,2023-10-01,1. Manual,Ignore,55,,0.0,0.0,,False,False
BR,BR: 740473,2023-10-01,1. Manual,Ignore,55,,0.0,0.0,,False,False
BR,BR: 749768,2023-10-01,1. Manual,Ignore,50,,0.0,0.0,,False,False
BR,BR: 749777,2023-10-01,1. Manual,Ignore,46,,0.0,0.0,,False,False
BR,BR: 749780,2023-10-01,1. Manual,Ignore,45,,0.0,0.0,,False,False
BR,BR: 749781,2023-10-01,1. Manual,Ignore,45,,0.0,0.0,,False,False
BR,BR: 749784,2023-10-01,1. Manual,Ignore,49,,0.0,0.0,,False,False
BR,BR: 751239,2023-10-01,1. Manual,Ignore,50,,0.0,0.0,,False,True
BR,BR: 751241,2023-10-01,1. Manual,Ignore,46,,0.0,0.0,,False,False
BR,BR: 759556,2023-10-01,1. Manual,Ignore,48,,0.0,0.0,,False,False
BR,BR: 761590,2023-10-01,1. Manual,Ignore,45,,0.0,0.0,,False,False
BR,BR: 764955,2023-10-01,1. Manual,Ignore,47,,0.0,0.0,,False,False
BR,BR: 770649,2023-10-01,1. Manual,Ignore,34,,0.0,0.0,,False,False
BR,BR: 779524,2023-10-01,1. Manual,Ignore,32,,0.0,0.0,,False,False
BR,BR: 780877,2023-10-01,1. Manual,Ignore,29,,0.0,0.0,,False,False
BR,BR: 780908,2023-10-01,1. Manual,Ignore,29,,0.0,0.0,,False,False
BR,BR: 789490,2023-10-01,1. Manual,Ignore,35,,0.0,0.0,,False,False
BR,BR: 790393,2023-10-01,1. Manual,Ignore,34,,0.0,0.0,,False,False
BR,BR: 791827,2023-10-01,1. Manual,Ignore,27,,0.0,0.0,,False,False
BR,BR: 791830,2023-10-01,1. Manual,Ignore,61,,0.0,0.0,,False,False
BR,BR: 791833,2023-10-01,1. Manual,Ignore,67,,0.0,0.0,,False,False
BR,BR: 825749,2023-10-01,1. Manual,Ignore,67,,0.0,0.0,,False,False
BR,BR: 9017,2023-10-01,1. Manual,Ignore,65,,0.0,0.0,,False,False
BR,BR: 9021,2023-10-01,1. Manual,Ignore,67,,0.0,0.0,,False,False
BR,BR: 9108,2023-10-01,1. Manual,Ignore,67,,0.0,0.0,,False,False
CN,CN: 525913,2023-10-01,1. Manual,Ignore,25,,0.0,0.0,,False,False
CN,CN: 525919,2023-10-01,1. Manual,Ignore,27,,0.0,0.0,,False,False
CN,CN: 526119,2023-10-01,1. Manual,Ignore,27,,0.0,0.0,,False,False
CN,CN: 526125,2023-10-01,1. Manual,Ignore,27,,0.0,0.0,,False,False
CN,CN: 526346,2023-10-01,1. Manual,Ignore,21,,0.0,0.0,,False,False
CN,CN: 529769,2023-10-01,1. Manual,Ignore,27,,0.0,0.0,,False,False
CN,CN: 556157,2023-10-01,1. Manual,Ignore,25,,0.0,0.0,,False,False
CN,CN: 581777,2023-10-01,1. Manual,Ignore,26,,0.0,0.0,,False,False
CN,CN: 587954,2023-10-01,1. Manual,Ignore,26,,0.0,0.0,,False,False
CN,CN: 602924,2023-10-01,1. Manual,Ignore,25,,0.0,0.0,,False,False
CN,CN: 643018,2023-10-01,1. Manual,Ignore,22,,0.0,0.0,,False,False
CN,CN: 693690,2023-10-01,1. Manual,Ignore,24,,0.0,0.0,,False,False
CN,CN: 763404,2023-10-01,1. Manual,Ignore,25,,0.0,0.0,,False,False
CN,CN: 763772,2023-10-01,1. Manual,Ignore,26,,0.0,0.0,,False,False
CN,CN: 763775,2023-10-01,1. Manual,Ignore,26,,0.0,0.0,,False,False
CN,CN: 772335,2023-10-01,1. Manual,Ignore,27,,0.0,0.0,,False,False
CN,CN: 777048,2023-10-01,1. Manual,Ignore,25,,0.0,0.0,,False,False
CN,CN: 783800,2023-10-01,1. Manual,Ignore,27,,0.0,0.0,,False,False
CN,CN: 783874,2023-10-01,1. Manual,Ignore,27,,0.0,0.0,,False,False
CN,CN: 793609,2023-10-01,1. Manual,Ignore,25,,0.0,0.0,,False,False
HK,HK: 282998,2023-10-01,1. Manual,Ignore,23,,0.0,0.0,,False,False
HK,HK: 323553,2023-10-01,1. Manual,Ignore,78,,0.0,0.0,,False,True
HK,HK: 355491,2023-10-01,1. Manual,Ignore,23,,0.0,0.0,,False,False
HK,HK: 526612,2023-10-01,1. Manual,Ignore,36,,0.0,0.0,,False,False
HK,HK: 534689,2023-10-01,1. Manual,Ignore,27,,0.0,0.0,,False,False
HK,HK: 534965,2023-10-01,1. Manual,Ignore,36,,0.0,0.0,,False,False
HK,HK: 595913,2023-10-01,1. Manual,Ignore,26,,0.0,0.0,,False,False
HK,HK: 596773,2023-10-01,1. Manual,Ignore,27,,0.0,0.0,,False,False
HK,HK: 770453,2023-10-01,1. Manual,Ignore,27,,0.0,0.0,,False,False
HK,HK: 785116,2023-10-01,1. Manual,Ignore,26,,0.0,0.0,,False,False
HK,HK: 797786,2023-10-01,1. Manual,Ignore,34,,0.0,0.0,,False,False
HK,HK: 804098,2023-10-01,1. Manual,Ignore,28,,0.0,0.0,,False,False
IN,IN_Institutions: 212418,2023-10-01,1. Manual,Ignore,54,,0.0,0.0,,False,False
IN,IN_Institutions: 274003,2023-10-01,1. Manual,Ignore,105,,0.0,0.0,,False,False
IN,IN_Institutions: 276053,2023-10-01,1. Manual,Ignore,104,,0.0,0.0,,False,False
IN,IN_Institutions: 276099,2023-10-01,1. Manual,Ignore,95,,0.0,0.0,,False,False
IN,IN_Institutions: 386013,2023-10-01,1. Manual,Ignore,90,,0.0,0.0,,False,False
IN,IN_Institutions: 388612,2023-10-01,1. Manual,Ignore,105,,0.0,0.0,,False,False
IN,IN_Institutions: 421032,2023-10-01,1. Manual,Ignore,96,,0.0,0.0,,False,False
IN,IN_Institutions: 421036,2023-10-01,1. Manual,Ignore,101,,0.0,0.0,,False,False
IN,IN_Institutions: 421037,2023-10-01,1. Manual,Ignore,91,,0.0,0.0,,False,False
IN,IN_Institutions: 421044,2023-10-01,1. Manual,Ignore,73,,0.0,0.0,,False,False
IN,IN_Institutions: 421050,2023-10-01,1. Manual,Ignore,79,,0.0,0.0,,False,False
IN,IN_Institutions: 421052,2023-10-01,1. Manual,Ignore,90,,0.0,0.0,,False,False
IN,IN_Institutions: 421096,2023-10-01,1. Manual,Ignore,103,,0.0,0.0,,False,False
IN,IN_Institutions: 421098,2023-10-01,1. Manual,Ignore,104,,0.0,0.0,,False,False
IN,IN_Institutions: 421099,2023-10-01,1. Manual,Ignore,50,,0.0,0.0,,False,False
IN,IN_Institutions: 421130,2023-10-01,1. Manual,Ignore,103,,0.0,0.0,,False,False
IN,IN_Institutions: 421133,2023-10-01,1. Manual,Ignore,104,,0.0,0.0,,False,False
IN,IN_Institutions: 483547,2023-10-01,1. Manual,Ignore,52,,0.0,0.0,,False,False
IN,IN_Institutions: 486270,2023-10-01,1. Manual,Ignore,99,,0.0,0.0,,False,False
IN,IN_Institutions: 596881,2023-10-01,1. Manual,Ignore,66,,0.0,0.0,,False,False
IN,IN_Institutions: 606164,2023-10-01,1. Manual,Ignore,85,,0.0,0.0,,False,False
IN,IN_Institutions: 609964,2023-10-01,1. Manual,Ignore,48,,0.0,0.0,,False,False
IN,IN_Institutions: 610360,2023-10-01,1. Manual,Ignore,87,,0.0,0.0,,False,False
IN,IN_Institutions: 614860,2023-10-01,1. Manual,Ignore,90,,0.0,0.0,,False,False
IN,IN_Institutions: 621899,2023-10-01,1. Manual,Ignore,82,,0.0,0.0,,False,False
IN,IN_Institutions: 640108,2023-10-01,1. Manual,Ignore,28,,0.0,0.0,,False,False
IN,IN_Institutions: 647542,2023-10-01,1. Manual,Ignore,104,,0.0,0.0,,False,False
IN,IN_Institutions: 653814,2023-10-01,1. Manual,Ignore,54,,0.0,0.0,,False,False
IN,IN_Institutions: 654382,2023-10-01,1. Manual,Ignore,61,,0.0,0.0,,False,False
IN,IN_Institutions: 654383,2023-10-01,1. Manual,Ignore,61,,0.0,0.0,,False,False
IN,IN_Institutions: 721238,2023-10-01,1. Manual,Ignore,38,,0.0,0.0,,False,False
IN,IN_Institutions: 752520,2023-10-01,1. Manual,Ignore,44,,0.0,0.0,,False,False
IN,IN_Institutions: 765754,2023-10-01,1. Manual,Ignore,77,,0.0,0.0,,False,False
IN,IN_Institutions: 766366,2023-10-01,1. Manual,Ignore,32,,0.0,0.0,,False,False
IN,IN_Institutions: 769750,2023-10-01,1. Manual,Ignore,103,,0.0,0.0,,False,False
IN,IN_Institutions: 773290,2023-10-01,1. Manual,Ignore,55,,0.0,0.0,,False,False
IN,IN_Institutions: 773971,2023-10-01,1. Manual,Ignore,44,,0.0,0.0,,False,False
IN,IN_Institutions: 773972,2023-10-01,1. Manual,Ignore,39,,0.0,0.0,,False,False
IN,IN_Institutions: 775825,2023-10-01,1. Manual,Ignore,70,,0.0,0.0,,False,False
IN,IN_Institutions: 789131,2023-10-01,1. Manual,Ignore,30,,0.0,0.0,,False,False
IN,IN_Institutions: 796155,2023-10-01,1. Manual,Ignore,74,,0.0,0.0,,False,False
IN,IN_Institutions: 796164,2023-10-01,1. Manual,Ignore,87,,0.0,0.0,,False,False
IN,IN_Nepal: 276099,2023-10-01,1. Manual,Ignore,92,,0.0,0.0,,False,False
IN,IN_Nepal: 388612,2023-10-01,1. Manual,Ignore,105,,0.0,0.0,,False,False
IN,IN_Nepal: 421096,2023-10-01,1. Manual,Ignore,104,,0.0,0.0,,False,False
IN,IN_Nepal: 421098,2023-10-01,1. Manual,Ignore,104,,0.0,0.0,,False,False
IN,IN_Nepal: 421141,2023-10-01,1. Manual,Ignore,104,,0.0,0.0,,False,False
IN,IN_Nepal: 478606,2023-10-01,1. Manual,Ignore,102,,0.0,0.0,,False,False
IN,IN_Nepal: 555831,2023-10-01,1. Manual,Ignore,102,,0.0,0.0,,False,False
IN,IN_Nepal: 610144,2023-10-01,1. Manual,Ignore,92,,0.0,0.0,,False,False
IN,IN_Nepal: 610360,2023-10-01,1. Manual,Ignore,97,,0.0,0.0,,False,False
IN,IN_Nepal: 745681,2023-10-01,1. Manual,Ignore,54,,0.0,0.0,,False,False
IN,IN_Nepal: 745682,2023-10-01,1. Manual,Ignore,54,,0.0,0.0,,False,False
IN,IN_Nepal: 769639,2023-10-01,1. Manual,Ignore,105,,0.0,0.0,,False,False
IN,IN_Nepal: 769640,2023-10-01,1. Manual,Ignore,105,,0.0,0.0,,False,False
IN,IN_Wholesalers: 276099,2023-10-01,1. Manual,Ignore,105,,0.0,0.0,,False,False
IN,IN_Wholesalers: 296381,2023-10-01,1. Manual,Ignore,105,,0.0,0.0,,False,False
IN,IN_Wholesalers: 388612,2023-10-01,1. Manual,Ignore,105,,0.0,0.0,,False,False
IN,IN_Wholesalers: 421031,2023-10-01,2. Statistical,Ignore,105,,0.0,0.0,,False,True
IN,IN_Wholesalers: 421032,2023-10-01,2. Statistical,Ignore,105,,0.0,0.0,,False,False
IN,IN_Wholesalers: 421036,2023-10-01,2. Statistical,Ignore,105,,0.0,0.0,,False,False
IN,IN_Wholesalers: 421044,2023-10-01,1. Manual,Ignore,105,,0.0,0.0,,False,False
IN,IN_Wholesalers: 421047,2023-10-01,1. Manual,Ignore,105,,0.0,0.0,,False,False
IN,IN_Wholesalers: 421050,2023-10-01,2. Statistical,Ignore,105,,0.0,0.0,,False,False
IN,IN_Wholesalers: 421052,2023-10-01,2. Statistical,Ignore,105,,0.0,0.0,,False,False
IN,IN_Wholesalers: 421092,2023-10-01,2. Statistical,Ignore,105,,0.0,0.0,,False,False
IN,IN_Wholesalers: 421096,2023-10-01,2. Statistical,Ignore,105,,0.0,0.0,,False,False
IN,IN_Wholesalers: 421098,2023-10-01,2. Statistical,Ignore,105,,0.0,0.0,,False,True
IN,IN_Wholesalers: 421130,2023-10-01,2. Statistical,Ignore,105,,0.0,0.0,,False,False
IN,IN_Wholesalers: 421137,2023-10-01,1. Manual,Ignore,105,,0.0,0.0,,False,False
IN,IN_Wholesalers: 421155,2023-10-01,1. Manual,Ignore,105,,0.0,0.0,,False,False
IN,IN_Wholesalers: 421157,2023-10-01,1. Manual,Ignore,105,,0.0,0.0,,False,False
IN,IN_Wholesalers: 478606,2023-10-01,1. Manual,Ignore,105,,0.0,0.0,,False,False
IN,IN_Wholesalers: 483547,2023-10-01,2. Statistical,Ignore,105,,0.0,0.0,,False,False
IN,IN_Wholesalers: 490079,2023-10-01,2. Statistical,Ignore,105,,0.0,0.0,,False,False
IN,IN_Wholesalers: 499182,2023-10-01,2. Statistical,Ignore,105,,0.0,0.0,,False,False
IN,IN_Wholesalers: 596881,2023-10-01,2. Statistical,Ignore,100,,0.0,0.0,,False,False
IN,IN_Wholesalers: 609966,2023-10-01,2. Statistical,Ignore,95,,0.0,0.0,,False,False
IN,IN_Wholesalers: 609968,2023-10-01,1. Manual,Ignore,94,,0.0,0.0,,False,False
IN,IN_Wholesalers: 640108,2023-10-01,2. Statistical,Ignore,87,,0.0,0.0,,False,False
IN,IN_Wholesalers: 647542,2023-10-01,2. Statistical,Ignore,105,,0.0,0.0,,False,False
IN,IN_Wholesalers: 669427,2023-10-01,1. Manual,Ignore,75,,0.0,0.0,,False,False
IN,IN_Wholesalers: 711005,2023-10-01,2. Statistical,Ignore,58,,0.0,0.0,,False,False
IN,IN_Wholesalers: 721238,2023-10-01,1. Manual,Ignore,61,,0.0,0.0,,False,False
IN,IN_Wholesalers: 729151,2023-10-01,2. Statistical,Ignore,105,,0.0,0.0,,False,True
IN,IN_Wholesalers: 741576,2023-10-01,2. Statistical,Ignore,51,,0.0,0.0,,False,False
IN,IN_Wholesalers: 741778,2023-10-01,1. Manual,Ignore,54,,0.0,0.0,,False,False
IN,IN_Wholesalers: 747184,2023-10-01,2. Statistical,Ignore,48,,0.0,0.0,,False,False
IN,IN_Wholesalers: 765754,2023-10-01,2. Statistical,Ignore,105,,0.0,0.0,,False,False
IN,IN_Wholesalers: 766366,2023-10-01,2. Statistical,Ignore,105,,0.0,0.0,,False,False
IN,IN_Wholesalers: 766498,2023-10-01,2. Statistical,Ignore,105,,0.0,0.0,,False,False
IN,IN_Wholesalers: 773268,2023-10-01,1. Manual,Ignore,76,,0.0,0.0,,False,False
IN,IN_Wholesalers: 773290,2023-10-01,1. Manual,Ignore,76,,0.0,0.0,,False,False
IN,IN_Wholesalers: 773971,2023-10-01,2. Statistical,Ignore,105,,0.0,0.0,,False,False
IN,IN_Wholesalers: 773972,2023-10-01,1. Manual,Ignore,32,,0.0,0.0,,False,False
IN,IN_Wholesalers: 775826,2023-10-01,1. Manual,Ignore,76,,0.0,0.0,,False,False
IN,IN_Wholesalers: 789131,2023-10-01,2. Statistical,Ignore,95,,0.0,0.0,,False,False
IN,IN_Wholesalers: 790307,2023-10-01,2. Statistical,Ignore,95,,0.0,0.0,,False,False
IN,IN_Wholesalers: 796155,2023-10-01,2. Statistical,Ignore,105,,0.0,0.0,,False,True
IN,IN_Wholesalers: 796164,2023-10-01,2. Statistical,Ignore,105,,0.0,0.0,,False,False
IN,IN_Wholesalers: 799362,2023-10-01,1. Manual,Ignore,30,,0.0,0.0,,False,False
IN,IN_Wholesalers: 807472,2023-10-01,2. Statistical,Ignore,105,,0.0,0.0,,False,False
IN,IN_Wholesalers: 823537,2023-10-01,1. Manual,Ignore,98,,0.0,0.0,,False,False
KR,KR: 213144,2023-10-01,1. Manual,Ignore,78,,0.0,0.0,,False,False
KR,KR: 266934,2023-10-01,1. Manual,Ignore,77,,0.0,0.0,,False,False
KR,KR: 535113,2023-10-01,1. Manual,Ignore,33,,0.0,0.0,,False,False
KR,KR: 535116,2023-10-01,1. Manual,Ignore,32,,0.0,0.0,,False,False
KR,KR: 535139,2023-10-01,1. Manual,Ignore,32,,0.0,0.0,,False,False
KR,KR: 584532,2023-10-01,1. Manual,Ignore,78,,0.0,0.0,,False,False
KR,KR: 666929,2023-10-01,1. Manual,Ignore,78,,0.0,0.0,,False,False
KR,KR: 666942,2023-10-01,1. Manual,Ignore,78,,0.0,0.0,,False,False
KR,KR: 670395,2023-10-01,1. Manual,Ignore,36,,0.0,0.0,,False,False
KR,KR: 696277,2023-10-01,1. Manual,Ignore,61,,0.0,0.0,,False,False
KR,KR: 696278,2023-10-01,1. Manual,Ignore,61,,0.0,0.0,,False,False
KR,KR: 705114,2023-10-01,1. Manual,Ignore,65,,0.0,0.0,,False,False
KR,KR: 705115,2023-10-01,1. Manual,Ignore,65,,0.0,0.0,,False,False
KR,KR: 755212,2023-10-01,1. Manual,Ignore,26,,0.0,0.0,,False,False
KR,KR: 755213,2023-10-01,1. Manual,Ignore,35,,0.0,0.0,,False,False
KR,KR: 756617,2023-10-01,1. Manual,Ignore,36,,0.0,0.0,,False,False
KR,KR: 764036,2023-10-01,1. Manual,Ignore,39,,0.0,0.0,,False,False
KR,KR: 783104,2023-10-01,1. Manual,Ignore,37,,0.0,0.0,,False,False
KR,KR: 783107,2023-10-01,1. Manual,Ignore,37,,0.0,0.0,,False,False
KR,KR: 783559,2023-10-01,1. Manual,Ignore,37,,0.0,0.0,,False,False
KR,KR: 830576,2023-10-01,1. Manual,Ignore,26,,0.0,0.0,,False,False
TH,TH: 34889,2023-10-01,1. Manual,Ignore,78,,0.0,0.0,,False,True
TH,TH: 387147,2023-10-01,2. Statistical,Ignore,36,,0.0,0.0,,False,False
TH,TH: 640728,2023-10-01,1. Manual,Ignore,78,,0.0,0.0,,False,False
TH,TH: 652755,2023-10-01,2. Statistical,Ignore,18,,0.0,0.0,,False,False
TH,TH: 652761,2023-10-01,2. Statistical,Ignore,15,,0.0,0.0,,False,False
TH,TH: 663052,2023-10-01,1. Manual,Ignore,35,,0.0,0.0,,False,False
TH,TH: 663054,2023-10-01,1. Manual,Ignore,36,,0.0,0.0,,False,False
TH,TH: 663056,2023-10-01,1. Manual,Ignore,36,,0.0,0.0,,False,False
TH,TH: 663057,2023-10-01,1. Manual,Ignore,35,,0.0,0.0,,False,False
TH,TH: 663072,2023-10-01,1. Manual,Ignore,36,,0.0,0.0,,False,False
TH,TH: 663073,2023-10-01,1. Manual,Ignore,36,,0.0,0.0,,False,False
TH,TH: 669014,2023-10-01,1. Manual,Ignore,36,,0.0,0.0,,False,False
TH,TH: 669027,2023-10-01,1. Manual,Ignore,34,,0.0,0.0,,False,False
TH,TH: 738181,2023-10-01,2. Statistical,Ignore,56,,0.0,0.0,,False,False
TH,TH: 760912,2023-10-01,1. Manual,Ignore,49,,0.0,0.0,,False,True
TH,TH: 761281,2023-10-01,1. Manual,Ignore,49,,0.0,0.0,,False,False
TH,TH: 764720,2023-10-01,1. Manual,Ignore,78,,0.0,0.0,,False,True
TH,TH: 764721,2023-10-01,1. Manual,Ignore,78,,0.0,0.0,,False,False
TH,TH: 764722,2023-10-01,1. Manual,Ignore,47,,0.0,0.0,,False,False
TH,TH: 765189,2023-10-01,1. Manual,Ignore,78,,0.0,0.0,,False,False
TH,TH: 765353,2023-10-01,1. Manual,Ignore,78,,0.0,0.0,,False,False
TH,TH: 765354,2023-10-01,1. Manual,Ignore,72,,0.0,0.0,,False,False
TH,TH: 785756,2023-10-01,1. Manual,Ignore,39,,0.0,0.0,,False,False
TH,TH: 785787,2023-10-01,1. Manual,Ignore,39,,0.0,0.0,,False,False
TH,TH: 790845,2023-10-01,1. Manual,Ignore,35,,0.0,0.0,,False,False
TH,TH: 790847,2023-10-01,1. Manual,Ignore,35,,0.0,0.0,,False,False
TH,TH: 826089,2023-10-01,1. Manual,Ignore,24,,0.0,0.0,,False,False
TH,TH: 829906,2023-10-01,1. Manual,Ignore,24,,0.0,0.0,,False,False
TH,TH: 837413,2023-10-01,1. Manual,Ignore,20,,0.0,0.0,,False,False
KR,KR: 805543,2023-10-01,2. Statistical,Use,78,0.0,1830.0,611.0,0.333879781420765,True,True
KR,KR: 805544,2023-10-01,2. Statistical,Use,78,0.0,135763.0,45405.0,0.3344431104203649,True,False
KR,KR: 805545,2023-10-01,2. Statistical,Use,78,0.0,48021.0,21705.0,0.45198975448241396,True,False
KR,KR: 805548,2023-10-01,1. Manual,Ignore,78,0.0,3346.0,1177.0,0.3517632994620442,True,True
KR,KR: 805549,2023-10-01,2. Statistical,Use,78,0.08333333333333337,19974.0,8776.0,0.4393711825372985,True,False
